"[1, 1, 2, 0]",2.1636297241779023
"[1, 1, 3, 0]",2.4294941688096183
"[1, 2, 1, 0]",2.3823467211861282
"[1, 2, 2, 0]",0.9748070624353264
"[1, 4, 1, 0]",2.5864880941348805
"[1, 4, 2, 0]",1.2342668051817187
"[1, 4, 3, 0]",2.4158137001922135
"[1, 4, 4, 0]",2.4745865269560237
"[1, 5, 2, 0]",1.1601966305870894
"[1, 5, 3, 0]",1.883950482511116
"[1, 5, 4, 0]",2.650711797859057
"[1, 5, 5, 0]",2.6166771351098954
"[1, 5, 6, 0]",2.489558809524066
"[1, 6, 1, 0]",6.289411904661477
"[1, 6, 2, 0]",2.4626103742816157
"[1, 6, 3, 0]",2.3287869242298878
"[1, 6, 5, 0]",3.683211101731819
"[1, 6, 6, 0]",4.297206475236782
"[1, 10, 1, 0]",2.331068317990446
"[1, 10, 2, 0]",1.1495723050436597
"[1, 10, 4, 0]",4.270491140376861
"[1, 10, 5, 0]",3.592641086411613
"[1, 10, 6, 0]",4.488226858856989
"[1, 11, 2, 0]",2.9087724995621143
"[1, 11, 3, 0]",4.16129237647963
"[1, 11, 4, 0]",3.4839534762426028
"[1, 11, 5, 0]",3.5394062598838185
"[1, 11, 6, 0]",5.14979891635437
"[1, 12, 1, 0]",3.32383434557792
"[1, 12, 2, 0]",3.3751813475967234
"[1, 12, 3, 0]",2.8877546421989035
"[1, 12, 4, 0]",4.149605955421393
"[1, 12, 5, 0]",5.020335072969502
"[1, 12, 6, 0]",4.058767577662426
"[1, 13, 1, 0]",2.440051056639897
"[1, 13, 2, 0]",2.0643064685548103
"[1, 13, 3, 0]",3.246826422863827
"[1, 13, 4, 0]",3.281729462558567
"[1, 13, 5, 0]",2.801622337590283
"[1, 13, 6, 0]",4.135010668243024
"[1, 14, 1, 0]",2.0040433819580743
"[1, 14, 2, 0]",1.4721227761777165
"[1, 14, 6, 0]",2.759214977321658
"[1, 15, 1, 0]",1.8526526741948213
"[1, 15, 2, 0]",1.7861816234426315
"[1, 15, 3, 0]",7.761479849799843
"[1, 15, 4, 0]",2.9514748922372247
"[1, 15, 5, 0]",3.531001473262948
"[1, 15, 6, 0]",4.384191461295246
"[1, 16, 1, 0]",2.1699691895327238
"[1, 16, 2, 0]",1.957207104809623
"[1, 16, 3, 0]",2.9155438853162705
"[1, 16, 4, 0]",3.4111797849829006
"[1, 16, 5, 0]",3.9772107734108473
"[1, 16, 6, 0]",4.03247189238011
"[1, 17, 1, 0]",1.7835366111443518
"[1, 17, 2, 0]",1.9162173840889063
"[1, 17, 3, 0]",2.7038793711781053
"[1, 17, 4, 0]",2.7382116512452432
"[1, 17, 5, 0]",3.475174824821902
"[1, 17, 6, 0]",3.413873925972851
"[1, 18, 4, 0]",2.393845316799364
"[1, 18, 5, 0]",2.5689033868947697
"[1, 18, 6, 0]",3.2249959709618734
"[1, 19, 2, 0]",1.9490663391334406
"[1, 19, 4, 0]",1.9761334440409324
"[1, 19, 5, 0]",2.5183622630225044
"[1, 19, 6, 0]",2.7757608166245817
"[1, 20, 1, 0]",1.7736839023523483
"[1, 20, 2, 0]",2.654470103031872
"[1, 20, 3, 0]",3.663492412106368
"[1, 20, 4, 0]",3.7842762502870793
"[1, 20, 5, 0]",4.226273963722498
"[1, 20, 6, 0]",4.194877372652714
"[1, 21, 1, 0]",2.0331986321698414
"[1, 21, 2, 0]",8.985997127198853
"[1, 21, 3, 0]",2.9031761869716366
"[1, 21, 4, 0]",2.606223389918968
"[1, 21, 5, 0]",4.0131774357762975
"[1, 21, 6, 0]",4.120537771651313
"[1, 24, 1, 0]",1.8574155150779343
"[1, 24, 2, 0]",2.6284717031721967
"[1, 24, 3, 0]",2.6300390521884975
"[1, 24, 4, 0]",2.5470588046375826
"[1, 24, 5, 0]",3.315168032253656
"[1, 24, 6, 0]",3.151176816784555
"[1, 25, 1, 0]",1.3551945923832835
"[1, 25, 2, 0]",1.6348717356229576
"[1, 27, 1, 0]",1.8693205558689452
"[1, 27, 2, 0]",1.5538378222910412
"[2, 1, 1, 0]",3.82633560633886
"[2, 2, 1, 0]",10.0
"[2, 2, 2, 0]",1.1456928458940212
"[2, 4, 1, 0]",1.4026989788626019
"[2, 4, 2, 0]",0.8010230868854874
"[2, 4, 3, 0]",1.5512497758106347
"[2, 4, 4, 0]",2.223344161482054
"[2, 4, 5, 0]",2.5789283749842893
"[2, 4, 6, 0]",1.4453395008033896
"[2, 5, 1, 0]",1.9631880184210713
"[2, 5, 2, 0]",2.8308267235751368
"[2, 5, 3, 0]",2.153520314484774
"[2, 5, 4, 0]",4.419223471979799
"[2, 5, 5, 0]",3.0151948835335496
"[2, 5, 6, 0]",2.9739320133694873
"[2, 6, 1, 0]",1.9599587788670874
"[2, 6, 2, 0]",1.7333826315209402
"[2, 6, 3, 0]",2.2709698356484274
"[2, 6, 4, 0]",2.3062958810907084
"[2, 6, 5, 0]",2.5674363606647193
"[2, 6, 6, 0]",2.6844561092338854
"[2, 7, 1, 0]",1.6670299378093387
"[2, 7, 2, 0]",1.147591007942738
"[2, 7, 3, 0]",1.8933030847439287
"[2, 7, 4, 0]",2.2441511000787164
"[2, 7, 5, 0]",2.745101653047597
"[2, 7, 6, 0]",2.3303924615237706
"[2, 10, 1, 0]",1.6176712047698272
"[2, 10, 2, 0]",2.1769094724610025
"[2, 10, 3, 0]",2.8609594297822944
"[2, 10, 4, 0]",3.334322082033533
"[2, 10, 5, 0]",2.428491386385053
"[2, 10, 6, 0]",2.7690652608177766
"[2, 11, 1, 0]",1.5638805814131458
"[2, 11, 2, 0]",1.7624829515408225
"[2, 11, 3, 0]",1.649460911598048
"[2, 11, 4, 0]",3.331010263799248
"[2, 11, 5, 0]",3.0651013239921387
"[2, 11, 6, 0]",3.371346286634353
"[2, 12, 1, 0]",1.7401357626436476
"[2, 12, 2, 0]",1.4177366030645617
"[2, 12, 3, 0]",2.3383647641183902
"[2, 12, 4, 0]",2.5110041560891547
"[2, 12, 5, 0]",2.3463056957789115
"[2, 12, 6, 0]",2.352985373308547
"[2, 13, 1, 0]",1.758535433193206
"[2, 13, 2, 0]",1.7193118789941892
"[2, 13, 3, 0]",2.74345958591775
"[2, 13, 4, 0]",2.360848568490678
"[2, 13, 5, 0]",3.435262946007213
"[2, 13, 6, 0]",3.892459193194027
"[2, 14, 1, 0]",3.1653207875515026
"[2, 14, 2, 0]",1.8599741324541303
"[2, 14, 3, 0]",2.7356258750280675
"[2, 14, 5, 0]",2.6674654073912283
"[2, 15, 1, 0]",1.5874836416325495
"[2, 15, 2, 0]",1.4773507955077176
"[2, 15, 3, 0]",1.9915997650216783
"[2, 15, 4, 0]",2.5988643226142663
"[2, 15, 5, 0]",2.749302467847229
"[2, 15, 6, 0]",2.610120341566292
"[2, 16, 1, 0]",1.7142939807386282
"[2, 16, 2, 0]",1.5640616471774442
"[2, 16, 3, 0]",2.332138215303973
"[2, 16, 4, 0]",2.123368731039779
"[2, 16, 5, 0]",2.0570443429091725
"[2, 16, 6, 0]",2.4114036864377617
"[2, 17, 1, 0]",1.2971347476204858
"[2, 17, 2, 0]",1.5626632309867197
"[2, 17, 3, 0]",2.110679613898622
"[2, 17, 4, 0]",2.3211569931961127
"[2, 17, 5, 0]",1.7129906965247252
"[2, 17, 6, 0]",2.0356296548782944
"[2, 18, 1, 0]",1.6646127244573037
"[2, 18, 2, 0]",1.323408475132546
"[2, 18, 3, 0]",3.04284927954933
"[2, 18, 4, 0]",2.5168131365677637
"[2, 18, 5, 0]",2.324482880234053
"[2, 18, 6, 0]",2.807761050979173
"[2, 19, 1, 0]",1.4426800882760944
"[2, 19, 2, 0]",1.6476431726579113
"[2, 19, 3, 0]",1.3500232912063659
"[2, 19, 4, 0]",2.1426942906730138
"[2, 19, 5, 0]",3.139449975654839
"[2, 19, 6, 0]",2.8984972582051998
"[2, 20, 1, 0]",1.6085014404265094
"[2, 20, 2, 0]",2.0227622986295
"[2, 20, 3, 0]",2.565865748493124
"[2, 20, 4, 0]",2.9535642732909153
"[2, 20, 5, 0]",2.3687236276776127
"[2, 20, 6, 0]",2.764240482224636
"[2, 21, 1, 0]",0.0
"[2, 21, 2, 0]",1.6404339729308621
"[2, 21, 3, 0]",2.119847658602369
"[2, 21, 4, 0]",2.87561807039131
"[2, 21, 5, 0]",3.054882851262287
"[2, 21, 6, 0]",3.2388160187502026
"[2, 22, 1, 0]",0.5519783592096833
"[2, 22, 2, 0]",1.948946514313341
"[2, 22, 3, 0]",2.1381775736920994
"[2, 22, 4, 0]",2.632051860066918
"[2, 22, 5, 0]",2.633059138914875
"[2, 22, 6, 0]",1.9042173277868506
"[2, 23, 1, 0]",1.634459788466836
"[2, 23, 2, 0]",2.1381788594116764
"[2, 23, 3, 0]",1.8830208914157038
"[2, 23, 4, 0]",2.451629941316228
"[2, 23, 5, 0]",3.2304857700691922
"[2, 23, 6, 0]",2.6742243285444935
"[2, 26, 3, 0]",2.1655193502145025
"[2, 26, 4, 0]",2.1135082651857906
"[2, 26, 5, 0]",2.5935800546736307
"[2, 26, 6, 0]",2.5084314456585144
"[2, 27, 1, 0]",2.057850068366544
"[2, 27, 2, 0]",0.19053621377968796
"[3, 4, 1, 0]",1.4466295839678847
"[3, 4, 2, 0]",1.5601402551518375
"[3, 4, 5, 0]",3.444438281966842
"[3, 4, 6, 0]",2.15376570627564
"[3, 5, 1, 0]",2.3615892964964273
"[3, 5, 2, 0]",1.1342426199136184
"[3, 5, 3, 0]",1.3062087200196166
"[3, 5, 4, 0]",2.1034369471432246
"[3, 5, 5, 0]",3.0604718773116004
"[3, 5, 6, 0]",2.5288325947813
"[3, 6, 1, 0]",2.7773724915040376
"[3, 6, 2, 0]",1.6990872990080257
"[3, 6, 3, 0]",2.066984538361566
"[3, 6, 4, 0]",2.855771492460606
"[3, 6, 5, 0]",3.8076928095265035
"[3, 6, 6, 0]",3.27639499888926
"[3, 7, 1, 0]",2.2686290230942743
"[3, 7, 5, 0]",2.9004088290946126
"[3, 7, 6, 0]",2.511849112359754
"[3, 10, 1, 0]",0.1722782458671582
"[3, 10, 5, 0]",2.7055258240886015
"[3, 10, 6, 0]",2.599148817826957
"[3, 11, 1, 0]",1.9101565928025557
"[3, 11, 2, 0]",1.2004688133826056
"[3, 11, 3, 0]",1.5155271412004934
"[3, 11, 4, 0]",1.8318459474791224
"[3, 11, 5, 0]",2.516058168070507
"[3, 11, 6, 0]",3.422574796966809
"[3, 12, 1, 0]",2.116888647453569
"[3, 12, 2, 0]",1.4460856591872435
"[3, 12, 4, 0]",2.2976193262153717
"[3, 12, 5, 0]",2.6496441609170214
"[3, 12, 6, 0]",2.829946324277829
"[3, 13, 6, 0]",2.4424894681647213
"[3, 14, 1, 0]",1.9125241984974575
"[3, 14, 2, 0]",1.428271742029736
"[3, 14, 3, 0]",2.0851565623630206
"[3, 14, 4, 0]",2.2348415270495696
"[3, 14, 5, 0]",1.534037382195797
"[3, 14, 6, 0]",2.4591613793850384
"[3, 15, 1, 0]",1.3798581319214513
"[3, 15, 2, 0]",1.9784691172760598
"[3, 15, 4, 0]",2.121247961671262
"[3, 15, 5, 0]",2.490062327043995
"[3, 15, 6, 0]",2.621662625547007
"[3, 16, 1, 0]",1.6737429708783027
"[3, 16, 2, 0]",1.4157687463319057
"[3, 16, 3, 0]",2.375974663693629
"[3, 16, 4, 0]",2.1961599483264305
"[3, 16, 5, 0]",2.758754937617546
"[3, 16, 6, 0]",1.896317548730271
"[3, 17, 1, 0]",1.818464722953834
"[3, 17, 2, 0]",1.3146071227743983
"[3, 17, 5, 0]",2.1596361972225586
"[3, 17, 6, 0]",1.4596597314584474
"[3, 18, 1, 0]",2.085320940781658
"[3, 18, 2, 0]",1.7999764298022458
"[3, 18, 3, 0]",1.5529795980164542
"[3, 18, 4, 0]",1.763700917840292
"[3, 18, 5, 0]",2.2759881241571254
"[3, 18, 6, 0]",1.9520384782722273
"[3, 19, 1, 0]",1.317449593485735
"[3, 19, 2, 0]",1.8085137945634064
"[3, 19, 3, 0]",1.308085313407341
"[3, 19, 4, 0]",2.0424758640415344
"[3, 19, 5, 0]",1.8382314051186006
"[3, 19, 6, 0]",2.0931227983732734
"[3, 22, 1, 0]",1.51942178266651
"[3, 22, 2, 0]",1.7389279018969874
"[3, 22, 3, 0]",1.927612923460763
"[3, 22, 4, 0]",2.3582300490326826
"[3, 22, 5, 0]",2.0905093913339314
"[3, 22, 6, 0]",1.918108489368963
"[3, 23, 1, 0]",1.741591243104659
"[3, 23, 2, 0]",2.001927262757687
"[3, 23, 3, 0]",2.1509128066552448
"[3, 23, 4, 0]",2.0933185332064888
"[3, 23, 5, 0]",2.493913282433226
"[3, 23, 6, 0]",3.1701621978184678
"[3, 24, 1, 0]",1.9398416816298132
"[3, 24, 2, 0]",1.725186177354595
"[3, 24, 3, 0]",1.8997476619059455
"[3, 24, 4, 0]",2.4063377600786717
"[3, 24, 5, 0]",2.999067896614095
"[3, 24, 6, 0]",2.5314121648511696
"[3, 25, 1, 0]",2.3055084251540174
"[3, 25, 2, 0]",1.5543449647706422
"[3, 25, 3, 0]",2.003266914293941
"[3, 25, 4, 0]",2.0188953126483327
"[3, 25, 5, 0]",2.3592441702047275
"[3, 25, 6, 0]",2.1684783777691594
"[4, 5, 2, 0]",2.1155664742172
"[4, 5, 3, 0]",2.2143831720113774
"[4, 5, 4, 0]",2.2670452468013753
"[4, 5, 6, 0]",3.203115915428882
"[4, 6, 1, 0]",2.160652861695331
"[4, 6, 6, 0]",3.6612788641583833
"[4, 10, 1, 0]",2.3760987525115174
"[4, 10, 2, 0]",3.0008573307268187
"[4, 10, 5, 0]",2.7127803222951243
"[4, 10, 6, 0]",2.977840726127918
"[4, 11, 1, 0]",2.3437936470112644
"[4, 11, 2, 0]",1.3585244807210952
"[4, 11, 3, 0]",2.679509488344757
"[4, 11, 4, 0]",2.747387619557313
"[4, 11, 5, 0]",3.3259046829529857
"[4, 11, 6, 0]",2.1157421116978545
"[4, 13, 1, 0]",1.913454298514039
"[4, 13, 3, 0]",2.405434043937339
"[4, 13, 4, 0]",2.696893246885733
"[4, 13, 6, 0]",2.4951537327815982
"[4, 14, 1, 0]",2.619313460293278
"[4, 14, 2, 0]",2.3072524149946414
"[4, 14, 4, 0]",2.9626961913102714
"[4, 14, 5, 0]",3.620227827431433
"[4, 14, 6, 0]",3.5075513887706014
"[4, 15, 1, 0]",2.0523754300584143
"[4, 15, 2, 0]",2.1501653966890055
"[4, 15, 3, 0]",1.3391284580158391
"[4, 15, 4, 0]",2.107514571493766
"[4, 15, 5, 0]",4.362429073172714
"[4, 15, 6, 0]",2.9761002684520217
"[4, 16, 1, 0]",2.5287736983410083
"[4, 16, 2, 0]",4.218713098314067
"[4, 16, 3, 0]",2.9647471922025646
"[4, 16, 4, 0]",2.436248071599133
"[4, 16, 5, 0]",3.6971115993400434
"[4, 16, 6, 0]",3.3747758590151147
"[4, 17, 1, 0]",1.7574192383366378
"[4, 17, 2, 0]",3.0190854358490733
"[4, 17, 3, 0]",4.001874399165266
"[4, 17, 4, 0]",2.196607859885964
"[4, 17, 5, 0]",3.829234303298408
"[4, 17, 6, 0]",4.020857102346421
"[4, 18, 1, 0]",1.7213788910260104
"[4, 18, 2, 0]",3.2917938093646564
"[4, 18, 3, 0]",2.785997966732711
"[4, 18, 4, 0]",3.0730616186544903
"[4, 18, 5, 0]",2.9304158464357073
"[4, 18, 6, 0]",3.325873101486727
"[4, 19, 1, 0]",1.5709993857903577
"[4, 19, 2, 0]",2.5563251034659427
"[4, 19, 3, 0]",2.166213145486435
"[4, 19, 4, 0]",3.1570472630417434
"[4, 19, 5, 0]",3.557164010693102
"[4, 19, 6, 0]",3.6216819240349873
"[4, 22, 1, 0]",1.9017138570755008
"[4, 22, 2, 0]",2.0409679697879564
"[4, 22, 3, 0]",1.9815251397601648
"[4, 22, 4, 0]",1.9265330510475913
"[4, 22, 5, 0]",2.989268547479866
"[4, 22, 6, 0]",3.374087954539156
"[4, 24, 1, 0]",2.2317723287149906
"[4, 24, 2, 0]",2.8211715591389384
"[4, 24, 3, 0]",2.001939161444222
"[4, 24, 4, 0]",2.1868384169164843
"[4, 24, 5, 0]",2.9547546301235985
"[4, 24, 6, 0]",2.047297033168394
"[4, 25, 1, 0]",2.243155801007933
"[4, 25, 2, 0]",2.263251441303085
"[4, 25, 3, 0]",1.57068257617656
"[4, 25, 4, 0]",2.4439912506879704
"[4, 25, 5, 0]",2.2057470034590527
"[4, 25, 6, 0]",2.1525794043896997
"[5, 1, 1, 0]",2.205343954566658
"[5, 1, 2, 0]",2.6467946357523524
"[5, 1, 3, 0]",1.7237378414566333
"[5, 1, 4, 0]",2.4788510056985915
"[5, 1, 5, 0]",3.2677798856093423
"[5, 1, 6, 0]",2.6786898709097873
"[5, 2, 1, 0]",2.3871878800538657
"[5, 2, 2, 0]",2.710829878219507
"[5, 2, 3, 0]",2.418705774905225
"[5, 2, 4, 0]",3.9865374813278134
"[5, 2, 5, 0]",3.794187742118693
"[5, 2, 6, 0]",2.2446481584463576
"[5, 3, 2, 0]",1.883806720258403
"[5, 3, 3, 0]",2.1620495952593113
"[5, 3, 4, 0]",2.2233230298198805
"[5, 3, 5, 0]",2.484089808854326
"[5, 3, 6, 0]",1.8995074972394392
"[5, 6, 1, 0]",3.596646601316684
"[5, 6, 2, 0]",3.28504531190259
"[5, 7, 1, 0]",3.0735100477397235
"[5, 7, 2, 0]",2.474089561081231
"[5, 7, 3, 0]",2.0523010704837836
"[5, 7, 4, 0]",2.732850052178122
"[5, 7, 5, 0]",2.245791114629181
"[5, 7, 6, 0]",4.432157972088504
"[5, 10, 1, 0]",2.270406649957678
"[5, 10, 2, 0]",1.2977657328616008
"[5, 10, 3, 0]",2.479776099063117
"[5, 10, 4, 0]",3.7469417358301853
"[5, 10, 5, 0]",3.0943940130218706
"[5, 10, 6, 0]",2.1546720208968466
"[5, 11, 1, 0]",2.731999283392329
"[5, 11, 2, 0]",2.5407561538302037
"[5, 11, 3, 0]",2.0802617298737753
"[5, 11, 4, 0]",2.4560678891372953
"[5, 11, 5, 0]",2.449397055672614
"[5, 11, 6, 0]",1.37300221400612
"[5, 12, 1, 0]",2.4139806740180214
"[5, 12, 2, 0]",1.3693366972957544
"[5, 12, 3, 0]",2.545621419932471
"[5, 12, 4, 0]",4.069748264825208
"[5, 12, 5, 0]",4.531372168206921
"[5, 12, 6, 0]",2.3388030019171344
"[5, 14, 1, 0]",2.4410269348496536
"[5, 14, 2, 0]",2.9313758979008706
"[5, 14, 3, 0]",3.103143037960882
"[5, 14, 4, 0]",3.085240168435349
"[5, 14, 5, 0]",3.982157740969492
"[5, 14, 6, 0]",2.515696173343816
"[5, 15, 1, 0]",3.0258867997735934
"[5, 15, 2, 0]",1.409005988213261
"[5, 15, 3, 0]",2.770010764241336
"[5, 15, 4, 0]",3.056854912486353
"[5, 15, 5, 0]",4.000907364223449
"[5, 15, 6, 0]",2.7658575846869056
"[5, 16, 1, 0]",2.6344323815744364
"[5, 16, 2, 0]",2.5515914521199767
"[5, 16, 3, 0]",3.0499943503889604
"[5, 16, 4, 0]",2.8282696167473564
"[5, 16, 5, 0]",3.497441328625953
"[5, 16, 6, 0]",1.8306211437179927
"[5, 17, 1, 0]",2.3358108331581797
"[5, 17, 4, 0]",3.495319115130085
"[5, 17, 5, 0]",3.2615256053232717
"[5, 17, 6, 0]",2.452120349351504
"[5, 18, 1, 0]",1.9625352177053368
"[5, 18, 2, 0]",2.1323704404400923
"[5, 18, 3, 0]",2.8731501439821994
"[5, 18, 4, 0]",3.219674464492511
"[5, 18, 5, 0]",4.404110395076321
"[5, 18, 6, 0]",2.9769093311133563
"[5, 22, 1, 0]",1.975562268095447
"[5, 22, 2, 0]",3.5311115743398154
"[5, 22, 3, 0]",4.1501496602779975
"[5, 22, 4, 0]",3.8825641148455285
"[5, 22, 5, 0]",4.596096189907192
"[5, 22, 6, 0]",2.102563211990351
"[5, 24, 2, 0]",2.8373861632312805
"[5, 24, 3, 0]",2.1099595841959196
"[5, 24, 4, 0]",2.1405799988729908
"[5, 24, 5, 0]",3.4627678276317315
"[5, 24, 6, 0]",2.245203868445642
"[5, 25, 1, 0]",1.693292275911526
"[5, 25, 2, 0]",4.071939036732878
"[5, 25, 5, 0]",2.852291402248246
"[5, 25, 6, 0]",3.0337325212450854
"[6, 1, 1, 0]",2.1534692960328328
"[6, 1, 2, 0]",2.1569374299491924
"[6, 1, 3, 0]",2.9144974890380193
"[6, 1, 4, 0]",2.797809495500512
"[6, 1, 5, 0]",4.361048265738097
"[6, 1, 6, 0]",1.7694956431760913
"[6, 4, 1, 0]",2.3520155462163848
"[6, 4, 2, 0]",3.517089234728344
"[6, 4, 3, 0]",2.740588251578263
"[6, 4, 4, 0]",2.6839513868637006
"[6, 4, 5, 0]",2.6311285965145426
"[6, 4, 6, 0]",2.234261079145199
"[6, 5, 1, 0]",1.6030227698201398
"[6, 6, 1, 0]",1.8609919093238114
"[6, 6, 2, 0]",2.9054793637098992
"[6, 6, 3, 0]",2.149227071540405
"[6, 6, 4, 0]",3.2948697037313117
"[6, 6, 5, 0]",5.015352803804413
"[6, 6, 6, 0]",2.19396705238903
"[6, 7, 1, 0]",1.5221862627888594
"[6, 10, 1, 0]",2.218347422115926
"[6, 10, 2, 0]",1.9523179539229543
"[6, 10, 3, 0]",0.5506871152579746
"[6, 10, 5, 0]",2.6210302533783087
"[6, 10, 6, 0]",2.4547470132064055
"[6, 11, 1, 0]",2.1882657728587107
"[6, 11, 4, 0]",2.3055852236618737
"[6, 11, 5, 0]",2.1389877300447955
"[6, 11, 6, 0]",3.1480549212082396
"[6, 12, 1, 0]",2.373926992474301
"[6, 12, 2, 0]",1.894533260645402
"[6, 12, 3, 0]",1.867998158493105
"[6, 12, 4, 0]",1.9474369912983707
"[6, 12, 5, 0]",4.789667243429551
"[6, 12, 6, 0]",3.9865369352745734
"[6, 13, 1, 0]",2.9018039407179885
"[6, 13, 2, 0]",1.6827927407752996
"[6, 13, 4, 0]",1.7531955518414786
"[6, 13, 5, 0]",2.1790159515031453
"[6, 13, 6, 0]",3.8447769125678284
"[6, 14, 2, 0]",4.561426801519793
"[6, 14, 3, 0]",2.8628373808380854
"[6, 14, 4, 0]",1.9791531442763743
"[6, 14, 5, 0]",3.0242245999905513
"[6, 14, 6, 0]",3.1817590200698604
"[6, 15, 1, 0]",2.887631154077009
"[6, 15, 2, 0]",3.6667760846368074
"[6, 15, 3, 0]",2.45335931151632
"[6, 15, 4, 0]",3.756911190478443
"[6, 15, 5, 0]",2.4486247592260173
"[6, 15, 6, 0]",2.6756151354469067
"[6, 16, 1, 0]",2.434060634955494
"[6, 16, 2, 0]",3.914645139273665
"[6, 16, 3, 0]",1.9340147089242712
"[6, 16, 4, 0]",2.1942192254030815
"[6, 16, 6, 0]",3.136532522868435
"[6, 17, 1, 0]",2.4661555726258166
"[6, 17, 2, 0]",3.7065615133475935
"[6, 17, 3, 0]",3.668802050592947
"[6, 17, 4, 0]",3.640559091607524
"[6, 17, 5, 0]",5.6668805633514925
"[6, 17, 6, 0]",2.142736831319622
"[6, 18, 1, 0]",1.855772493681816
"[6, 19, 1, 0]",2.968162268166086
"[6, 19, 5, 0]",2.8992562065848597
"[6, 19, 6, 0]",2.270476764653712
"[6, 22, 1, 0]",3.155560593889775
"[6, 22, 2, 0]",4.461858671007336
"[6, 22, 3, 0]",3.7978358349263797
"[6, 22, 4, 0]",3.576445426763013
"[6, 22, 5, 0]",4.764763143813062
"[6, 22, 6, 0]",2.7162411019389188
"[7, 1, 1, 0]",2.19487757807744
"[7, 1, 2, 0]",3.71084319143888
"[7, 1, 3, 0]",1.3156777692783759
"[7, 1, 4, 0]",2.975071445178405
"[7, 1, 5, 0]",4.323143681293384
"[7, 1, 6, 0]",2.638766388495935
"[7, 2, 1, 0]",2.530837374885686
"[7, 3, 1, 0]",1.4817333598625801
"[7, 3, 2, 0]",1.1749076310642468
"[7, 3, 3, 0]",1.690324796862179
"[7, 3, 4, 0]",1.6949790811300773
"[7, 3, 5, 0]",1.1508372842646133
"[7, 3, 6, 0]",2.140706234987376
"[7, 4, 1, 0]",1.9010442865604238
"[7, 4, 2, 0]",1.7621391447050627
"[7, 4, 3, 0]",2.3581317278374634
"[7, 4, 4, 0]",2.8671242869903124
"[7, 4, 5, 0]",2.6662215020264157
"[7, 4, 6, 0]",2.7096995835098685
"[7, 5, 1, 0]",1.4722955283045023
"[7, 5, 2, 0]",1.7219949454020607
"[7, 5, 3, 0]",2.483697364973506
"[7, 5, 4, 0]",2.082816802400672
"[7, 5, 5, 0]",2.2730919720721428
"[7, 5, 6, 0]",2.7023280013420514
"[7, 6, 1, 0]",1.8878144847401608
"[7, 6, 2, 0]",0.9933271175690203
"[7, 6, 3, 0]",4.329507662396187
"[7, 6, 4, 0]",3.6385484729016015
"[7, 7, 1, 0]",2.1552427073635005
"[7, 7, 2, 0]",1.5232487297236037
"[7, 7, 3, 0]",1.7468615673070258
"[7, 7, 4, 0]",3.1883754820509744
"[7, 7, 5, 0]",2.1156559127170835
"[7, 7, 6, 0]",3.0762883977020357
"[7, 8, 2, 0]",2.0093889478017557
"[7, 8, 4, 0]",2.0031605061580877
"[7, 8, 5, 0]",2.3468023630583206
"[7, 8, 6, 0]",4.538740142746768
"[7, 9, 1, 0]",2.227154354553633
"[7, 9, 2, 0]",2.6346312668701417
"[7, 9, 3, 0]",2.800934767275956
"[7, 9, 4, 0]",2.742548619707029
"[7, 9, 5, 0]",2.5357556573585027
"[7, 9, 6, 0]",2.173767405241227
"[7, 10, 1, 0]",1.809955152724471
"[7, 10, 2, 0]",2.6286823666229826
"[7, 10, 3, 0]",2.6365164744241936
"[7, 10, 4, 0]",2.3549988811638873
"[7, 10, 5, 0]",3.512647069635308
"[7, 10, 6, 0]",2.7803922340628597
"[7, 11, 1, 0]",2.0090781810066733
"[7, 11, 2, 0]",2.0276788087805326
"[7, 12, 1, 0]",3.6999471642624613
"[7, 12, 2, 0]",3.2180343865483807
"[7, 12, 3, 0]",2.257826044396545
"[7, 15, 1, 0]",1.8081091046657225
"[7, 15, 2, 0]",1.4371424499250176
"[7, 15, 4, 0]",2.768767326461939
"[7, 15, 5, 0]",3.23822354798927
"[7, 15, 6, 0]",2.8760189018522544
"[7, 16, 1, 0]",2.4295273237738066
"[7, 16, 2, 0]",1.532660003433234
"[7, 16, 3, 0]",2.3641932538688866
"[7, 16, 4, 0]",3.69516959161241
"[7, 16, 5, 0]",2.2975786919866983
"[7, 16, 6, 0]",2.232684335497557
"[7, 17, 1, 0]",2.2151016402854173
"[7, 17, 2, 0]",1.629269679543686
"[7, 17, 4, 0]",2.6160701145484406
"[7, 17, 5, 0]",0.8126806686355698
"[7, 17, 6, 0]",1.9213853279787299
"[8, 3, 1, 0]",1.7783823455180292
"[8, 3, 2, 0]",1.5090579820721506
"[8, 3, 3, 0]",1.5257209456086909
"[8, 3, 4, 0]",2.0214285589755616
"[8, 3, 5, 0]",2.358610909316464
"[8, 3, 6, 0]",2.806057140190356
"[8, 4, 1, 0]",1.7270512571802739
"[8, 4, 2, 0]",2.093328445342295
"[8, 4, 3, 0]",1.986828915259801
"[8, 4, 4, 0]",2.1060591281250183
"[8, 4, 5, 0]",3.2167794656739206
"[8, 5, 1, 0]",1.9389958394806726
"[8, 5, 3, 0]",3.2764570049687265
"[8, 5, 4, 0]",3.683269254778606
"[8, 5, 5, 0]",3.5993323941684072
"[8, 5, 6, 0]",3.7787579033120116
"[8, 6, 1, 0]",2.108110339208928
"[8, 6, 2, 0]",2.319308328380324
"[8, 6, 4, 0]",1.7050140170672552
"[8, 6, 5, 0]",3.075466727215921
"[8, 7, 1, 0]",1.6197495056333056
"[8, 7, 2, 0]",2.3990288205794443
"[8, 7, 3, 0]",0.3458306102397091
"[8, 7, 5, 0]",3.9360947149457917
"[8, 8, 1, 0]",1.539396992375491
"[8, 8, 2, 0]",2.149571906225955
"[8, 8, 3, 0]",1.3821961927112631
"[8, 8, 4, 0]",1.6791520904204849
"[8, 8, 5, 0]",3.0101899870263074
"[8, 8, 6, 0]",2.35681397245555
"[8, 9, 1, 0]",2.1502966494916573
"[8, 9, 2, 0]",1.9082925427812616
"[8, 9, 3, 0]",1.4238413367014664
"[8, 9, 4, 0]",2.1320762284826835
"[8, 9, 5, 0]",2.4381263430403806
"[8, 9, 6, 0]",3.2256751615669828
"[8, 10, 1, 0]",1.748094135262536
"[8, 10, 2, 0]",2.458867469890545
"[8, 10, 3, 0]",1.724783988307512
"[8, 10, 4, 0]",2.193729040018718
"[8, 10, 5, 0]",3.4418765895457075
"[8, 10, 6, 0]",3.5440266854456617
"[8, 11, 1, 0]",2.0647761088971186
"[8, 11, 2, 0]",3.36946656951667
"[8, 11, 3, 0]",2.4137564793657345
"[8, 11, 4, 0]",2.146030476924029
"[8, 11, 5, 0]",2.834634749032897
"[8, 11, 6, 0]",3.419970891312203
"[8, 15, 1, 0]",2.0783572693743544
"[8, 15, 2, 0]",2.873286066082135
"[8, 15, 3, 0]",1.8291641282621265
"[8, 15, 4, 0]",2.5329204894821653
"[8, 15, 5, 0]",2.4178474404237438
"[8, 15, 6, 0]",2.382085692602988
"[8, 16, 1, 0]",2.0720940101661527
"[8, 16, 2, 0]",1.608456953201007
"[8, 16, 3, 0]",2.4537199245945303
"[8, 16, 4, 0]",2.5586658556204154
"[8, 16, 5, 0]",2.9323772020605485
"[8, 16, 6, 0]",2.63462594844543
"[8, 17, 1, 0]",2.600140005941983
"[8, 17, 2, 0]",1.7577729589532276
"[8, 17, 3, 0]",2.3850473920592976
"[8, 17, 4, 0]",2.3518255700493804
"[8, 17, 5, 0]",2.614950460649874
"[8, 17, 6, 0]",2.333829517023067
"[8, 18, 1, 0]",1.8678696163652375
"[8, 18, 2, 0]",2.6105551172786043
"[8, 18, 3, 0]",2.2949505150974825
"[8, 18, 4, 0]",3.0002461731807837
"[8, 18, 5, 0]",1.5698978929384657
"[8, 18, 6, 0]",1.843446353053282
"[9, 3, 1, 0]",2.892220623338001
"[9, 3, 2, 0]",2.4306701365011283
"[9, 3, 3, 0]",2.9631970396445917
"[9, 3, 4, 0]",3.43451464722302
"[9, 3, 5, 0]",3.773670402954849
"[9, 3, 6, 0]",3.262666276759499
"[9, 4, 1, 0]",3.3317058258005203
"[9, 4, 2, 0]",2.059656552149103
"[9, 4, 3, 0]",2.379255198893462
"[9, 4, 4, 0]",2.248582031328894
"[9, 4, 5, 0]",3.693978335490496
"[9, 4, 6, 0]",2.9720284129210293
"[9, 5, 1, 0]",2.142558296007532
"[9, 5, 2, 0]",4.105897806955122
"[9, 5, 3, 0]",2.7453492554876124
"[9, 5, 4, 0]",0.8922059679534444
"[9, 5, 5, 0]",2.9031559321326266
"[9, 5, 6, 0]",3.771354715164226
"[9, 6, 1, 0]",2.3038035732962165
"[9, 6, 2, 0]",2.525611789866205
"[9, 6, 3, 0]",1.6304447567383813
"[9, 6, 4, 0]",2.8165271751234746
"[9, 6, 5, 0]",3.9948962964160315
"[9, 6, 6, 0]",3.3386964477901935
"[9, 7, 2, 0]",4.0883357371694675
"[9, 7, 4, 0]",3.2481228685077266
"[9, 7, 5, 0]",5.535970132575984
"[9, 7, 6, 0]",4.806174089894326
"[9, 8, 1, 0]",1.4266293622539596
"[9, 8, 2, 0]",2.7747538180327243
"[9, 8, 3, 0]",2.1698318305130573
"[9, 8, 4, 0]",2.0581284911894078
"[9, 8, 5, 0]",3.6459160723443427
"[9, 8, 6, 0]",3.808685823315602
"[9, 9, 1, 0]",1.9450101724648925
"[9, 9, 2, 0]",3.0534991130194022
"[9, 9, 3, 0]",2.211310501281771
"[9, 9, 4, 0]",2.756150468608358
"[9, 9, 5, 0]",2.420613222784719
"[9, 9, 6, 0]",2.4847203890147647
"[9, 10, 1, 0]",2.787248454672058
"[9, 10, 2, 0]",3.1382595947438716
"[9, 10, 3, 0]",2.6556411572765573
"[9, 10, 4, 0]",2.62522726738616
"[9, 10, 5, 0]",4.425317079229468
"[9, 10, 6, 0]",2.1707942878306095
"[9, 11, 1, 0]",2.6901272572518526
"[9, 11, 2, 0]",2.634377942052767
"[9, 11, 3, 0]",3.711439636603583
"[9, 11, 4, 0]",3.32800879697477
"[9, 11, 5, 0]",3.9872408314252628
"[9, 11, 6, 0]",3.478594568457353
"[9, 14, 1, 0]",1.8055303413441686
"[9, 14, 2, 0]",2.8092131599320913
"[9, 14, 3, 0]",3.588515614866423
"[9, 14, 4, 0]",3.5452939740709355
"[9, 14, 5, 0]",3.798369088683441
"[9, 14, 6, 0]",4.413947408499883
"[9, 15, 1, 0]",2.381046240158272
"[9, 15, 2, 0]",2.3608454739161293
"[9, 15, 3, 0]",2.4292791121220225
"[9, 15, 4, 0]",3.4802516340208025
"[9, 15, 5, 0]",3.561684239270604
"[9, 15, 6, 0]",3.350011907511624
"[9, 18, 1, 0]",2.757950803659156
"[10, 4, 1, 0]",2.8802243674291277
"[10, 4, 2, 0]",2.5574619326625
"[10, 4, 4, 0]",3.228085581174017
"[10, 4, 6, 0]",2.858352952702486
"[10, 5, 1, 0]",2.1980729301359103
"[10, 5, 2, 0]",1.1119470230022328
"[10, 5, 4, 0]",3.273051172041134
"[10, 5, 5, 0]",3.644359676250069
"[10, 5, 6, 0]",3.6820282797797397
"[10, 6, 1, 0]",2.9943155836789734
"[10, 6, 2, 0]",0.9187099935192443
"[10, 6, 4, 0]",2.449853544051785
"[10, 6, 5, 0]",4.530230621054753
"[10, 6, 6, 0]",2.934041380554442
"[10, 7, 1, 0]",1.5787970740819586
"[10, 7, 2, 0]",1.9532574455435747
"[10, 7, 3, 0]",2.0183158618618906
"[10, 7, 4, 0]",1.8460437459446737
"[10, 7, 5, 0]",2.1214607275386324
"[10, 7, 6, 0]",2.3168615800493892
"[10, 8, 1, 0]",2.2799798311325863
"[10, 8, 2, 0]",1.4821432343706258
"[10, 8, 5, 0]",3.649219460433451
"[10, 8, 6, 0]",2.9793263588794123
"[10, 9, 1, 0]",3.073833889876601
"[10, 9, 2, 0]",4.991874356271917
"[10, 9, 3, 0]",3.3162802112957657
"[10, 9, 4, 0]",3.874519691898621
"[10, 9, 5, 0]",3.5456408002130644
"[10, 9, 6, 0]",4.3970985948712125
"[10, 10, 1, 0]",2.154204752730435
"[10, 10, 2, 0]",1.6898171442175327
"[10, 10, 4, 0]",2.7617219948272673
"[10, 10, 5, 0]",3.8958238696456133
"[10, 10, 6, 0]",1.6165124648952898
"[10, 11, 3, 0]",2.187966149606647
"[10, 11, 5, 0]",3.560393772650002
"[10, 11, 6, 0]",5.659049532880154
"[10, 12, 1, 0]",3.2236375629221965
"[10, 14, 1, 0]",2.004128401418837
"[10, 14, 2, 0]",2.8345556393677684
"[10, 14, 3, 0]",3.375669715752764
"[10, 14, 4, 0]",2.5947148728031
"[10, 14, 5, 0]",2.942620861263082
"[10, 14, 6, 0]",3.9362270635513696
"[10, 15, 1, 0]",2.7351551651092225
"[10, 15, 2, 0]",3.272642841844488
"[10, 15, 3, 0]",2.229855577389231
"[10, 15, 4, 0]",2.3083995446389465
"[10, 15, 5, 0]",2.5025692997568525
"[10, 15, 6, 0]",3.8974171575202754
"[10, 16, 1, 0]",0.9559913789451548
"[10, 16, 2, 0]",4.895195534552751
"[10, 16, 3, 0]",3.1619889966543986
"[10, 16, 4, 0]",3.168939258359726
"[10, 16, 5, 0]",3.2348054285195134
"[10, 16, 6, 0]",4.920870985349365
"[10, 17, 1, 0]",0.9089019238575234
"[10, 17, 2, 0]",2.716452921303806
"[10, 17, 3, 0]",2.159509592659914
"[10, 17, 4, 0]",2.384093393184751
"[10, 17, 5, 0]",3.844912333791983
"[10, 17, 6, 0]",3.836866873663439
"[10, 18, 1, 0]",2.0405275344953564
"[10, 18, 2, 0]",3.699701997608365
"[11, 4, 1, 0]",2.592532653583827
"[11, 4, 2, 0]",2.141313908676555
"[11, 4, 5, 0]",3.596658299779787
"[11, 4, 6, 0]",3.002959904770456
"[11, 6, 1, 0]",2.334305678592855
"[11, 6, 2, 0]",2.5463193882535275
"[11, 6, 3, 0]",1.6107631639170223
"[11, 6, 5, 0]",3.0450331767789716
"[11, 6, 6, 0]",2.604738585578574
"[11, 10, 1, 0]",1.7358897615194313
"[11, 10, 3, 0]",3.1185883194384765
"[11, 10, 4, 0]",2.0932649918922808
"[11, 10, 5, 0]",2.3148175625337326
"[11, 10, 6, 0]",2.205257195137132
"[11, 11, 3, 0]",2.0566086947626956
"[11, 11, 4, 0]",2.1747420731636
"[11, 11, 5, 0]",2.177934415822649
"[11, 11, 6, 0]",2.393421705655706
"[11, 12, 1, 0]",2.2514154298864013
"[11, 12, 2, 0]",2.081125170769188
"[11, 12, 3, 0]",2.0084339326246865
"[11, 12, 4, 0]",2.350857438327413
"[11, 12, 5, 0]",2.5925908493845755
"[11, 12, 6, 0]",4.249128851822036
"[11, 13, 2, 0]",2.922189896177331
"[11, 13, 5, 0]",4.234752887319548
"[11, 13, 6, 0]",4.567176359646376
"[11, 14, 1, 0]",2.089611329687663
"[11, 14, 2, 0]",2.1213033889504187
"[11, 14, 4, 0]",2.7163764670137045
"[11, 14, 5, 0]",3.1707314201758057
"[11, 14, 6, 0]",2.9146660762016285
"[11, 15, 1, 0]",1.972735188728585
"[11, 15, 2, 0]",3.8842835161870424
"[11, 15, 3, 0]",2.6945363862163614
"[11, 15, 6, 0]",3.240055094047443
"[11, 16, 1, 0]",1.979424480321595
"[11, 16, 2, 0]",2.573139312078353
"[11, 16, 3, 0]",1.6451765944912706
"[11, 16, 4, 0]",1.800178097598316
"[11, 16, 5, 0]",3.709534280639446
"[11, 17, 1, 0]",1.8537360312665285
"[11, 17, 2, 0]",3.123886955928008
"[11, 17, 3, 0]",3.254479432159614
"[11, 17, 4, 0]",3.619020273384066
"[11, 17, 5, 0]",2.0206321189118053
"[11, 17, 6, 0]",4.043039397332659
"[11, 18, 1, 0]",1.8525544794435989
"[11, 18, 2, 0]",3.7976787062711415
"[11, 18, 3, 0]",1.9095194963526587
"[11, 18, 4, 0]",3.967610630383727
"[11, 18, 5, 0]",3.8094377616068504
"[11, 18, 6, 0]",3.6703549727807303
"[11, 19, 1, 0]",2.9938899031493866
"[11, 19, 2, 0]",1.596765819007112
"[11, 19, 3, 0]",1.9858604589479028
"[11, 19, 4, 0]",2.430608030646922
"[11, 19, 5, 0]",2.5581930174368916
"[11, 22, 1, 0]",1.84719174964997
"[11, 22, 2, 0]",1.850975927887009
"[11, 22, 3, 0]",1.9637849046390257
"[11, 22, 5, 0]",2.774399813359066
"[11, 22, 6, 0]",2.8574460255461758
"[11, 24, 1, 0]",1.6679511061778292
"[11, 24, 4, 0]",2.2074093287228047
"[11, 24, 5, 0]",2.722053279484118
"[11, 24, 6, 0]",3.0183927733460587
"[11, 25, 1, 0]",2.0773961458016905
"[11, 25, 2, 0]",2.7651305147784653
"[11, 25, 3, 0]",1.643032026294241
"[11, 25, 4, 0]",2.5683138699724593
"[11, 25, 5, 0]",3.8217482743839186
"[11, 25, 6, 0]",2.914799419869105
"[12, 1, 6, 0]",3.7168962533739633
"[12, 4, 1, 0]",2.792695465160434
"[12, 4, 5, 0]",1.8821150275059368
"[12, 4, 6, 0]",2.5036531558341557
"[12, 5, 3, 0]",2.0261896756612217
"[12, 5, 4, 0]",2.0758855866933446
"[12, 5, 5, 0]",1.4774898571163966
"[12, 6, 3, 0]",1.3028063796119809
"[12, 6, 4, 0]",2.327637194799936
"[12, 6, 5, 0]",3.1678130522767183
"[12, 7, 1, 0]",1.9531705544226416
"[12, 7, 2, 0]",1.5291380175388083
"[12, 7, 3, 0]",1.7135395180983832
"[12, 7, 4, 0]",2.118550170462237
"[12, 7, 5, 0]",2.701875702613518
"[12, 7, 6, 0]",2.348999935047234
"[12, 8, 1, 0]",2.662421646214967
"[12, 10, 1, 0]",1.7342526814944637
"[12, 10, 2, 0]",1.377635513400043
"[12, 10, 3, 0]",1.7300484396901086
"[12, 10, 4, 0]",2.356627880206847
"[12, 10, 6, 0]",2.6987833390953755
"[12, 11, 1, 0]",1.844962335383051
"[12, 11, 2, 0]",1.8972647830799219
"[12, 11, 3, 0]",1.584629840573112
"[12, 11, 4, 0]",1.8682005718722237
"[12, 11, 5, 0]",2.1751936269970096
"[12, 11, 6, 0]",2.064752536579707
"[12, 12, 2, 0]",2.137596267230833
"[12, 12, 3, 0]",2.9621758202047515
"[12, 12, 4, 0]",2.3042445924183093
"[12, 12, 5, 0]",2.851540875857199
"[12, 12, 6, 0]",2.026069953076855
"[12, 13, 1, 0]",2.180395337620367
"[12, 13, 2, 0]",1.450296127350241
"[12, 13, 3, 0]",2.923779274370845
"[12, 13, 4, 0]",1.6571764278505383
"[12, 13, 5, 0]",2.5798958482392824
"[12, 13, 6, 0]",2.1142590445876155
"[12, 14, 1, 0]",3.8514363551579205
"[12, 14, 3, 0]",1.7466080905729182
"[12, 14, 4, 0]",2.1121374418646837
"[12, 14, 5, 0]",1.8698138665982353
"[12, 14, 6, 0]",3.2084555464533864
"[12, 15, 1, 0]",2.344637098189074
"[12, 15, 2, 0]",2.4703902739878725
"[12, 15, 3, 0]",1.967384540004763
"[12, 15, 4, 0]",2.185234133095406
"[12, 15, 5, 0]",3.351333498865921
"[12, 15, 6, 0]",3.2816499655337767
"[12, 16, 1, 0]",2.049460338883498
"[12, 16, 2, 0]",1.9328359143588678
"[12, 16, 4, 0]",2.1993260508706833
"[12, 16, 5, 0]",3.9525404174335264
"[12, 16, 6, 0]",3.021188248818928
"[12, 17, 1, 0]",2.1957073106532645
"[12, 17, 2, 0]",2.9690434274158224
"[12, 17, 3, 0]",3.0225820624694952
"[12, 17, 4, 0]",2.7296796745785366
"[12, 17, 5, 0]",2.458820972682814
"[12, 17, 6, 0]",2.8907721846728855
"[12, 18, 3, 0]",2.1083844136770478
"[12, 18, 4, 0]",3.5615101840962673
"[12, 18, 5, 0]",3.714537053417726
"[12, 18, 6, 0]",2.4772776186820424
"[12, 19, 1, 0]",1.5636907129600823
"[12, 19, 2, 0]",2.638090987039121
"[12, 22, 1, 0]",2.370984460132431
"[12, 22, 2, 0]",1.8925134622898803
"[12, 22, 3, 0]",1.9147970094232167
"[12, 22, 4, 0]",1.9440997602745946
"[12, 22, 5, 0]",2.1932155044606
"[12, 22, 6, 0]",1.8368016392638395
"[12, 23, 3, 0]",1.7801739363739908
"[12, 23, 4, 0]",2.330757279521334
"[12, 24, 1, 0]",2.0949180307921025
"[12, 24, 2, 0]",1.7683540064458392
"[12, 24, 6, 0]",3.4062048020237228
"[12, 25, 2, 0]",2.2043203399069835
"[12, 25, 3, 0]",2.5121427725622487
"[12, 25, 5, 0]",3.288526563733355
"[12, 25, 6, 0]",3.8716040704477357
"[1, 2, 1, 1]",3.372455895942317
"[1, 2, 2, 1]",1.656102141415325
"[1, 4, 1, 1]",7.553367279899461
"[1, 4, 2, 1]",6.673510214077181
"[1, 5, 1, 1]",5.643965528726375
"[1, 5, 2, 1]",7.14402553450558
"[1, 6, 1, 1]",0.730642720243343
"[1, 6, 2, 1]",7.721729131318086
"[1, 7, 1, 1]",2.9875873770915033
"[1, 7, 2, 1]",5.767813839921512
"[1, 11, 1, 1]",7.008111206586325
"[1, 11, 2, 1]",4.23522921107948
"[1, 12, 1, 1]",7.2502960955916995
"[1, 12, 2, 1]",5.701322057359603
"[1, 13, 1, 1]",4.568502448957509
"[1, 13, 2, 1]",8.095392247843902
"[1, 14, 1, 1]",7.0386133543631955
"[1, 14, 2, 1]",3.2614212468450954
"[1, 15, 1, 1]",6.780417026004685
"[1, 15, 2, 1]",4.531266400278109
"[1, 16, 1, 1]",7.453914147260249
"[1, 16, 2, 1]",5.686749700892114
"[1, 17, 1, 1]",6.094213136018417
"[1, 17, 2, 1]",5.452656869905081
"[1, 18, 1, 1]",2.625778992511398
"[1, 18, 2, 1]",4.720057695730181
"[1, 22, 1, 1]",7.378240456028813
"[1, 22, 2, 1]",2.370314726796064
"[1, 23, 1, 1]",7.427796358149693
"[1, 23, 2, 1]",6.208256863261709
"[1, 24, 1, 1]",7.699896983321775
"[1, 24, 2, 1]",5.992539426866492
"[1, 25, 1, 1]",3.291860526589074
"[1, 25, 2, 1]",4.416783373201799
"[1, 27, 1, 1]",7.051410200678958
"[1, 27, 2, 1]",3.90251316117626
"[2, 2, 2, 1]",1.1277745306007219
"[2, 4, 1, 1]",4.890828893498019
"[2, 4, 2, 1]",5.259301550676934
"[2, 5, 1, 1]",4.054595027934248
"[2, 5, 2, 1]",5.534898649518432
"[2, 6, 1, 1]",5.02810131495577
"[2, 6, 2, 1]",3.708777421995473
"[2, 7, 1, 1]",4.382795908125154
"[2, 7, 2, 1]",4.463300209513801
"[2, 11, 1, 1]",5.655132475190425
"[2, 11, 2, 1]",7.320878232029187
"[2, 12, 1, 1]",4.919586016762006
"[2, 12, 2, 1]",7.580538999537477
"[2, 13, 1, 1]",6.471064174458667
"[2, 13, 2, 1]",6.364927324403588
"[2, 14, 1, 1]",3.813592705000686
"[2, 14, 2, 1]",8.899922658349809
"[2, 15, 1, 1]",4.134050670285402
"[2, 15, 2, 1]",6.569485969801632
"[2, 16, 1, 1]",8.74270358371242
"[2, 16, 2, 1]",4.327689249771989
"[2, 17, 1, 1]",3.491475318995039
"[2, 17, 2, 1]",3.6113558929691956
"[2, 18, 1, 1]",5.123282830070905
"[2, 18, 2, 1]",7.719609932720161
"[2, 22, 1, 1]",4.5408750973343395
"[2, 22, 2, 1]",2.0393901843353293
"[2, 23, 1, 1]",4.259838947498003
"[2, 23, 2, 1]",3.1971560947807958
"[2, 24, 1, 1]",4.758979880978826
"[2, 24, 2, 1]",5.959046208855368
"[2, 25, 1, 1]",5.159215552906287
"[2, 25, 2, 1]",5.917388950223738
"[2, 25, 3, 1]",6.571337473909002
"[2, 27, 1, 1]",6.610919684939845
"[2, 27, 2, 1]",1.626847709556784
"[3, 2, 1, 1]",3.8008208457263284
"[3, 2, 2, 1]",5.7539436244802475
"[3, 4, 1, 1]",6.181327788874251
"[3, 4, 2, 1]",3.0006072184154298
"[3, 5, 2, 1]",6.726812891872591
"[3, 6, 1, 1]",4.31303896017758
"[3, 6, 2, 1]",4.336244588698542
"[3, 7, 2, 1]",7.045159923990745
"[3, 12, 1, 1]",6.630577581178104
"[3, 12, 2, 1]",10.0
"[3, 13, 2, 1]",4.122120005277077
"[3, 15, 1, 1]",4.066047984300223
"[3, 15, 2, 1]",5.088924166018521
"[3, 16, 1, 1]",5.543903769595959
"[3, 16, 2, 1]",4.459409458545054
"[3, 17, 1, 1]",9.303908626617975
"[3, 17, 2, 1]",4.601238609780414
"[3, 23, 1, 1]",5.628557190113973
"[3, 23, 2, 1]",2.1044671633337715
"[3, 24, 1, 1]",7.3288312256504105
"[3, 24, 2, 1]",4.9295765596172165
"[3, 25, 1, 1]",6.471728317715785
"[3, 25, 2, 1]",4.664931263189284
"[3, 26, 1, 1]",4.578092763663843
"[3, 26, 2, 1]",2.875900553925527
"[4, 2, 1, 1]",2.319838522637991
"[4, 2, 2, 1]",2.493251590710112
"[4, 4, 1, 1]",5.425147878315079
"[4, 4, 2, 1]",2.9340339562006865
"[4, 5, 1, 1]",0.2942598946586392
"[4, 5, 2, 1]",6.944443650010948
"[4, 6, 1, 1]",3.193436069983172
"[4, 6, 2, 1]",3.3791878066577707
"[4, 7, 1, 1]",1.5426498104368014
"[4, 7, 2, 1]",2.288279917886347
"[4, 12, 1, 1]",4.4465583593661835
"[4, 12, 2, 1]",4.8766798530683255
"[5, 2, 1, 1]",5.809270886331968
"[5, 2, 2, 1]",2.6737719312531305
"[5, 4, 1, 1]",0.6402249609514113
"[5, 4, 2, 1]",2.0583799815895856
"[5, 5, 1, 1]",6.843508910698915
"[5, 5, 2, 1]",4.105575385619525
"[5, 6, 1, 1]",5.543139862691302
"[5, 6, 2, 1]",7.111689031564619
"[5, 7, 1, 1]",4.728830229017536
"[5, 7, 2, 1]",7.187718253591771
"[5, 11, 1, 1]",4.364309869024183
"[5, 11, 2, 1]",4.151984584703271
"[5, 12, 1, 1]",8.412481048090491
"[5, 12, 2, 1]",5.805950522089372
"[5, 13, 1, 1]",6.152879499139879
"[5, 13, 2, 1]",6.040026373812192
"[5, 14, 1, 1]",4.436720181056503
"[5, 14, 2, 1]",5.3404387340065425
"[5, 15, 1, 1]",3.049935616729972
"[5, 15, 2, 1]",8.57153918399284
"[5, 16, 1, 1]",5.231333883258472
"[5, 16, 2, 1]",4.01471375914464
"[5, 17, 1, 1]",4.003227599102378
"[5, 17, 2, 1]",1.6101239173000135
"[5, 18, 1, 1]",7.166685188719617
"[5, 22, 1, 1]",5.433619617035892
"[5, 22, 2, 1]",5.814331449161281
"[5, 23, 1, 1]",3.957885874776226
"[5, 23, 2, 1]",9.046965866326062
"[5, 24, 1, 1]",3.5638778597436493
"[5, 24, 2, 1]",4.233949567167294
"[5, 25, 1, 1]",7.131016004610692
"[5, 25, 2, 1]",2.4200060444394076
"[6, 2, 1, 1]",1.0090264342248552
"[6, 2, 3, 1]",5.377294024840323
"[6, 4, 1, 1]",6.1412706016060685
"[6, 4, 2, 1]",5.433807170748863
"[6, 6, 1, 1]",2.913633969799963
"[6, 11, 1, 1]",5.853502332633703
"[6, 11, 2, 1]",4.942802544484342
"[6, 12, 1, 1]",6.534283025816113
"[6, 12, 2, 1]",1.4249230702327231
"[6, 13, 1, 1]",7.837758699506285
"[6, 13, 2, 1]",3.327209943419375
"[6, 14, 1, 1]",5.477536789121486
"[6, 14, 2, 1]",0.9178602203733478
"[6, 15, 1, 1]",8.236942970731857
"[6, 15, 2, 1]",3.2547417171962145
"[6, 16, 1, 1]",6.385472241938832
"[6, 16, 2, 1]",1.5270813285494482
"[6, 17, 1, 1]",8.303880714130166
"[6, 17, 2, 1]",7.585470046276767
"[6, 18, 1, 1]",7.197949949727087
"[6, 23, 1, 1]",5.537295417247338
"[6, 23, 2, 1]",3.9385967242701265
"[6, 24, 1, 1]",2.4507855266800838
"[6, 24, 2, 1]",3.2439081554000597
"[6, 25, 1, 1]",5.225939995274029
"[6, 25, 2, 1]",5.102027228493975
"[6, 26, 1, 1]",4.212939028896917
"[6, 26, 2, 1]",4.644074588222267
"[7, 4, 1, 1]",5.3724642627723185
"[7, 4, 2, 1]",6.587153369031433
"[7, 4, 3, 1]",5.849516000533067
"[7, 5, 1, 1]",4.417396001903716
"[7, 7, 2, 1]",5.401671133382354
"[7, 7, 3, 1]",4.586247629278733
"[7, 8, 1, 1]",5.994850316639768
"[7, 8, 2, 1]",5.138065385997783
"[7, 9, 1, 1]",7.027616484710765
"[7, 9, 2, 1]",2.331586468853603
"[7, 10, 1, 1]",3.097427189286322
"[7, 10, 2, 1]",5.214878012434734
"[7, 14, 1, 1]",8.157110052567651
"[7, 14, 2, 1]",0.1866713242992265
"[7, 15, 1, 1]",4.599283807143771
"[7, 15, 2, 1]",7.204671468686624
"[7, 16, 1, 1]",3.0103482985557233
"[7, 16, 2, 1]",4.811106207766354
"[8, 3, 1, 1]",6.30250327502177
"[8, 3, 2, 1]",7.0054221309827565
"[8, 4, 3, 1]",3.0130783237431467
"[8, 5, 1, 1]",8.341687876019298
"[8, 5, 2, 1]",4.420460458096209
"[8, 6, 1, 1]",6.980494156611634
"[8, 7, 1, 1]",7.161795449242987
"[8, 7, 2, 1]",5.464684121483971
"[8, 8, 1, 1]",3.390825807118479
"[8, 8, 2, 1]",1.7153048695247788
"[8, 9, 1, 1]",6.252044264226796
"[8, 9, 2, 1]",1.5155838509800854
"[8, 10, 1, 1]",6.104510592249468
"[8, 10, 2, 1]",2.1661374934456408
"[8, 15, 1, 1]",3.631031120095774
"[8, 15, 2, 1]",5.557636726554661
"[8, 16, 1, 1]",3.855755193121843
"[8, 16, 2, 1]",5.294001589067317
"[8, 17, 1, 1]",4.6135088605528685
"[8, 17, 2, 1]",0.9192186491464959
"[8, 18, 1, 1]",0.9336918664140101
"[8, 18, 2, 1]",0.8093560795084344
"[9, 3, 2, 1]",4.672861489560294
"[9, 4, 1, 1]",2.9935001204591276
"[9, 6, 1, 1]",7.348024824933812
"[9, 6, 2, 1]",4.091523576311781
"[9, 7, 1, 1]",6.605892567066927
"[9, 7, 2, 1]",6.050957883035358
"[9, 8, 3, 1]",6.153670904853751
"[9, 9, 1, 1]",4.9102366899768235
"[9, 9, 2, 1]",4.359996065273737
"[9, 10, 1, 1]",5.675775581710924
"[9, 10, 2, 1]",2.681643932737781
"[9, 14, 1, 1]",6.664121419837884
"[9, 14, 2, 1]",4.886881483274623
"[9, 15, 1, 1]",1.5780074369612833
"[9, 15, 2, 1]",5.232041418758546
"[9, 16, 1, 1]",3.0602189527059753
"[9, 16, 2, 1]",6.660107501658459
"[9, 17, 1, 1]",4.708726834219806
"[9, 19, 1, 1]",2.5080293646990723
"[9, 19, 3, 1]",2.8178073673514112
"[10, 3, 1, 1]",3.8833900279485354
"[10, 4, 2, 1]",2.1062183650034885
"[10, 5, 1, 1]",6.266141431672546
"[10, 6, 1, 1]",5.616707872874915
"[10, 6, 2, 1]",4.422010356106454
"[10, 7, 1, 1]",2.7518699430480926
"[10, 7, 2, 1]",4.70462266755997
"[10, 9, 1, 1]",6.097008789832409
"[10, 9, 2, 1]",5.661138934384567
"[10, 10, 2, 1]",5.56710284347832
"[10, 18, 3, 1]",3.1151972558715353
"[10, 18, 4, 1]",0.0
"[10, 19, 1, 1]",5.41297210977928
"[10, 19, 2, 1]",2.6860689792014285
"[10, 19, 3, 1]",2.32331842970999
"[11, 2, 1, 1]",7.892182332694753
"[11, 2, 2, 1]",5.937795561484531
"[11, 4, 1, 1]",7.239941536576157
"[11, 4, 2, 1]",5.313030069100035
"[11, 6, 1, 1]",1.0133364608882893
"[11, 6, 2, 1]",4.729131295198861
"[11, 11, 1, 1]",4.449825170355984
"[11, 11, 2, 1]",8.322117443887054
"[11, 12, 1, 1]",5.557418872957293
"[11, 12, 2, 1]",1.3248302963249432
"[11, 13, 1, 1]",8.239969590070567
"[11, 13, 2, 1]",2.3318246106334426
"[11, 14, 1, 1]",7.088210709459675
"[11, 14, 2, 1]",1.8952772554631228
"[11, 15, 1, 1]",3.641393893486191
"[11, 15, 2, 1]",4.689484172099464
"[11, 16, 1, 1]",0.1890232403617135
"[11, 16, 2, 1]",8.577718553335773
"[11, 17, 2, 1]",5.288760372097307
"[11, 18, 1, 1]",4.262304220422264
"[11, 18, 2, 1]",4.957848350245944
"[11, 24, 1, 1]",5.268117453122861
"[11, 25, 2, 1]",6.03440693594205
"[11, 27, 1, 1]",4.178677569963071
"[11, 27, 2, 1]",1.952321987045903
"[12, 2, 1, 1]",7.547473004748258
"[12, 4, 1, 1]",6.503477667003571
"[12, 5, 2, 1]",3.841704453381756
"[12, 6, 1, 1]",4.055539855903669
"[12, 6, 2, 1]",2.895299548104287
"[12, 7, 1, 1]",2.0624250062339295
"[12, 7, 2, 1]",4.305838281872847
"[12, 12, 1, 1]",3.6068311308019414
"[12, 12, 2, 1]",4.154535981629271
"[12, 13, 2, 1]",5.044753936238931
"[12, 13, 3, 1]",7.402471501169953
"[12, 14, 1, 1]",7.384589614592773
"[12, 14, 2, 1]",6.801402113730631
"[12, 15, 1, 1]",6.58774095267437
"[12, 16, 1, 1]",4.562059544908082
"[12, 16, 2, 1]",6.259469263939021
"[12, 17, 2, 1]",4.8153967710679115
"[12, 18, 1, 1]",5.429706045516219
"[12, 18, 2, 1]",3.8932781227982023
"[12, 19, 1, 1]",3.219975115981601
"[12, 23, 2, 1]",5.476581864266764
"[12, 24, 1, 1]",2.314581924246023
"[12, 24, 2, 1]",4.585959781840965
"[12, 25, 1, 1]",4.21995848292426
"[12, 25, 2, 1]",8.157749762371838
"[12, 26, 1, 1]",5.627395045770634
"[12, 26, 2, 1]",4.19018127260529
"[12, 29, 1, 1]",3.1343044144151726
"[12, 29, 2, 1]",6.179698343699576
