"[1, 1, 2, 0]",6.861960976399204
"[1, 1, 3, 0]",7.049506356115181
"[1, 2, 1, 0]",5.613918795280388
"[1, 2, 2, 0]",7.165542215490227
"[1, 4, 1, 0]",6.072368724502731
"[1, 4, 2, 0]",5.081910073875807
"[1, 4, 3, 0]",5.61330885313617
"[1, 4, 4, 0]",8.12736633699689
"[1, 5, 2, 0]",4.588928981536448
"[1, 5, 3, 0]",5.177477777199209
"[1, 5, 4, 0]",6.411398828588925
"[1, 5, 5, 0]",6.58821874644672
"[1, 5, 6, 0]",8.167219690264178
"[1, 6, 1, 0]",4.112341596533778
"[1, 6, 2, 0]",4.783497780420031
"[1, 6, 3, 0]",4.642319837971074
"[1, 6, 5, 0]",7.806317641535622
"[1, 6, 6, 0]",8.293849639452917
"[1, 10, 1, 0]",4.794268149233552
"[1, 10, 2, 0]",5.564989950143656
"[1, 10, 4, 0]",8.121512753623277
"[1, 10, 5, 0]",6.8338068916631345
"[1, 10, 6, 0]",5.7386576171166395
"[1, 11, 2, 0]",5.406370002501162
"[1, 11, 3, 0]",6.403414524840885
"[1, 11, 4, 0]",6.31657502798713
"[1, 11, 5, 0]",6.647436408565773
"[1, 11, 6, 0]",8.473466581887251
"[1, 12, 1, 0]",3.169112111571793
"[1, 12, 2, 0]",6.133801538926059
"[1, 12, 3, 0]",4.578188873247095
"[1, 12, 4, 0]",8.473595166691727
"[1, 12, 5, 0]",8.04601082998484
"[1, 12, 6, 0]",8.753761677757035
"[1, 13, 1, 0]",5.494309060991696
"[1, 13, 2, 0]",6.98973776420037
"[1, 13, 3, 0]",4.250732425609333
"[1, 13, 4, 0]",4.565606133557029
"[1, 13, 5, 0]",8.133362731106764
"[1, 13, 6, 0]",8.777924037527752
"[1, 14, 1, 0]",3.9296737139970075
"[1, 14, 2, 0]",4.781635228997273
"[1, 14, 6, 0]",6.958121798201386
"[1, 15, 1, 0]",5.319594091745364
"[1, 15, 2, 0]",4.696171873976349
"[1, 15, 3, 0]",6.377785129791784
"[1, 15, 4, 0]",5.792622841769509
"[1, 15, 5, 0]",7.095768885511411
"[1, 15, 6, 0]",7.021181115104707
"[1, 16, 1, 0]",4.712691733218033
"[1, 16, 2, 0]",3.1711953418176204
"[1, 16, 3, 0]",8.62165962338566
"[1, 16, 4, 0]",4.6026117500044945
"[1, 16, 5, 0]",6.458085300001476
"[1, 16, 6, 0]",8.091759781567653
"[1, 17, 1, 0]",4.607896534070185
"[1, 17, 2, 0]",5.39263403863663
"[1, 17, 3, 0]",5.834064881943485
"[1, 17, 4, 0]",5.202729655815322
"[1, 17, 5, 0]",7.625172845285525
"[1, 17, 6, 0]",6.9441126556860375
"[1, 18, 4, 0]",7.492954893056483
"[1, 18, 5, 0]",7.428812560486114
"[1, 18, 6, 0]",7.059077358203277
"[1, 19, 2, 0]",4.84634018526826
"[1, 19, 4, 0]",6.756721498251272
"[1, 19, 5, 0]",5.004439815877642
"[1, 19, 6, 0]",6.793749710346551
"[1, 20, 1, 0]",3.5763199384987265
"[1, 20, 2, 0]",5.4062626473549855
"[1, 20, 3, 0]",5.066270479617637
"[1, 20, 4, 0]",5.970929364677524
"[1, 20, 5, 0]",5.6212166612919345
"[1, 20, 6, 0]",5.979707126941851
"[1, 21, 1, 0]",2.3515593467277274
"[1, 21, 2, 0]",6.368181401134092
"[1, 21, 3, 0]",7.43775552845367
"[1, 21, 4, 0]",6.264279212585112
"[1, 21, 5, 0]",8.102475515779826
"[1, 21, 6, 0]",7.521654424375259
"[1, 24, 1, 0]",6.184139378360756
"[1, 24, 2, 0]",5.624931038513098
"[1, 24, 3, 0]",7.282912989394728
"[1, 24, 4, 0]",5.784648354565225
"[1, 24, 5, 0]",8.698276287574563
"[1, 24, 6, 0]",9.023920996950718
"[1, 25, 1, 0]",4.715235616171366
"[1, 25, 2, 0]",5.636015494789005
"[1, 27, 1, 0]",2.9200955825561854
"[1, 27, 2, 0]",3.5905008336055184
"[2, 1, 1, 0]",7.060723663075565
"[2, 2, 1, 0]",5.524277215819584
"[2, 2, 2, 0]",6.363609831786588
"[2, 4, 1, 0]",2.9050289366948103
"[2, 4, 2, 0]",4.926967389017866
"[2, 4, 3, 0]",3.9860477102583554
"[2, 4, 4, 0]",6.57521773302009
"[2, 4, 5, 0]",6.607120952006996
"[2, 4, 6, 0]",6.40578098487522
"[2, 5, 1, 0]",6.4168321254115
"[2, 5, 2, 0]",3.885872987882473
"[2, 5, 3, 0]",7.105755208672331
"[2, 5, 4, 0]",6.829550642491374
"[2, 5, 5, 0]",5.238574112720005
"[2, 5, 6, 0]",6.8205845368900135
"[2, 6, 1, 0]",5.409554697668479
"[2, 6, 2, 0]",5.841594567543286
"[2, 6, 3, 0]",8.760503260689434
"[2, 6, 4, 0]",6.712781960326723
"[2, 6, 5, 0]",5.418803621371559
"[2, 6, 6, 0]",8.043636370323528
"[2, 7, 1, 0]",4.942291806486729
"[2, 7, 2, 0]",5.254513676964427
"[2, 7, 3, 0]",4.867782184731103
"[2, 7, 4, 0]",4.610567382841992
"[2, 7, 5, 0]",5.149090388807791
"[2, 7, 6, 0]",8.010533082073312
"[2, 10, 1, 0]",5.28404297728973
"[2, 10, 2, 0]",4.453429377916194
"[2, 10, 3, 0]",6.821483237143563
"[2, 10, 4, 0]",5.824059741080023
"[2, 10, 5, 0]",8.379801803616363
"[2, 10, 6, 0]",7.840739000610705
"[2, 11, 1, 0]",5.484061305252739
"[2, 11, 2, 0]",6.216333881754627
"[2, 11, 3, 0]",6.7862502591191385
"[2, 11, 4, 0]",6.8136286613541195
"[2, 11, 5, 0]",7.525882497583635
"[2, 11, 6, 0]",6.692601286196565
"[2, 12, 1, 0]",2.891292598531225
"[2, 12, 2, 0]",3.503548487330783
"[2, 12, 3, 0]",5.630108607875583
"[2, 12, 4, 0]",7.409244627162669
"[2, 12, 5, 0]",7.333157224434853
"[2, 12, 6, 0]",5.253484862476949
"[2, 13, 1, 0]",3.1609125849270283
"[2, 13, 2, 0]",8.678989462469083
"[2, 13, 3, 0]",7.829088116695343
"[2, 13, 4, 0]",4.901020106741132
"[2, 13, 5, 0]",7.324441189892581
"[2, 13, 6, 0]",8.836818482849292
"[2, 14, 1, 0]",6.2862039631254705
"[2, 14, 2, 0]",6.515878028040446
"[2, 14, 3, 0]",6.043054907847322
"[2, 15, 1, 0]",5.3708859417844295
"[2, 15, 2, 0]",3.3716628450262753
"[2, 15, 3, 0]",3.482673938696932
"[2, 15, 4, 0]",5.669936193089154
"[2, 15, 5, 0]",6.964320106311426
"[2, 15, 6, 0]",5.157899775607918
"[2, 16, 1, 0]",5.214711322993355
"[2, 16, 2, 0]",5.188651550615411
"[2, 16, 3, 0]",2.8979802748254135
"[2, 16, 4, 0]",4.591063086834863
"[2, 16, 5, 0]",7.87394373358982
"[2, 16, 6, 0]",8.198893370083908
"[2, 17, 1, 0]",2.1585385876121097
"[2, 17, 2, 0]",4.137713395927616
"[2, 17, 3, 0]",5.276504363414288
"[2, 17, 4, 0]",7.9891836694329585
"[2, 17, 5, 0]",6.890889667102206
"[2, 17, 6, 0]",3.351054139707527
"[2, 18, 1, 0]",5.424308467888452
"[2, 18, 2, 0]",5.399854270383625
"[2, 18, 3, 0]",7.817098351206555
"[2, 18, 4, 0]",6.275183783597406
"[2, 18, 5, 0]",7.9455096401100285
"[2, 18, 6, 0]",5.381791928282799
"[2, 19, 1, 0]",5.10411053788647
"[2, 19, 2, 0]",6.652065797132999
"[2, 19, 3, 0]",2.2420762323525483
"[2, 19, 4, 0]",7.299755970427721
"[2, 19, 5, 0]",7.207827689632383
"[2, 19, 6, 0]",6.624671150722926
"[2, 20, 1, 0]",7.326610099907781
"[2, 20, 2, 0]",5.643486271285053
"[2, 20, 3, 0]",8.446209116719292
"[2, 20, 4, 0]",6.3187576147504485
"[2, 20, 5, 0]",7.365028971811337
"[2, 20, 6, 0]",7.413111417948763
"[2, 21, 1, 0]",7.444824258773435
"[2, 21, 2, 0]",3.921726452271901
"[2, 21, 3, 0]",3.9932292654636914
"[2, 21, 4, 0]",7.3995688059324145
"[2, 21, 5, 0]",7.42198443875451
"[2, 21, 6, 0]",6.819670676257258
"[2, 22, 1, 0]",2.5205413166042994
"[2, 22, 2, 0]",6.090125984383642
"[2, 22, 3, 0]",7.614233017881768
"[2, 22, 4, 0]",5.5833968009187105
"[2, 22, 5, 0]",4.710360868828006
"[2, 22, 6, 0]",5.3411233649751395
"[2, 23, 1, 0]",2.931114696093399
"[2, 23, 2, 0]",7.590373289595948
"[2, 23, 3, 0]",5.760824077274863
"[2, 23, 4, 0]",6.326715208536735
"[2, 23, 5, 0]",7.370276532048629
"[2, 23, 6, 0]",8.113082339680572
"[2, 26, 3, 0]",4.210140822042343
"[2, 26, 4, 0]",6.102052718614402
"[2, 26, 5, 0]",7.5242473444282165
"[2, 26, 6, 0]",7.3377786529374545
"[2, 27, 1, 0]",1.876963982790409
"[2, 27, 2, 0]",4.723453802675864
"[3, 4, 1, 0]",3.770626119222433
"[3, 4, 2, 0]",5.9591186331792585
"[3, 4, 5, 0]",5.452073177634227
"[3, 4, 6, 0]",6.768909903489514
"[3, 5, 1, 0]",3.8893514884321774
"[3, 5, 2, 0]",5.508349727442266
"[3, 5, 3, 0]",3.9396529494497106
"[3, 5, 4, 0]",4.991505718696617
"[3, 5, 5, 0]",5.7988116722634055
"[3, 5, 6, 0]",4.780191770908161
"[3, 6, 1, 0]",5.9244641964393905
"[3, 6, 2, 0]",5.397388257187911
"[3, 6, 3, 0]",2.6373275212444436
"[3, 6, 4, 0]",7.5578139278318455
"[3, 6, 5, 0]",5.712079100292998
"[3, 6, 6, 0]",5.609600751490644
"[3, 7, 1, 0]",7.23132956359171
"[3, 7, 5, 0]",7.149817681116773
"[3, 7, 6, 0]",6.378886230402775
"[3, 10, 1, 0]",4.029172849814081
"[3, 10, 5, 0]",4.6136514077429895
"[3, 10, 6, 0]",5.759521520651903
"[3, 11, 1, 0]",5.81479768985578
"[3, 11, 2, 0]",2.3384780413627264
"[3, 11, 3, 0]",5.343940461898564
"[3, 11, 4, 0]",7.134509461154492
"[3, 11, 5, 0]",5.965531552973449
"[3, 11, 6, 0]",4.7429570791040465
"[3, 12, 1, 0]",3.823700865010107
"[3, 12, 2, 0]",3.276986255145041
"[3, 12, 4, 0]",4.883304859054663
"[3, 12, 5, 0]",6.125281691803549
"[3, 12, 6, 0]",5.111953778106635
"[3, 13, 6, 0]",4.402974322582425
"[3, 14, 1, 0]",5.860348341535503
"[3, 14, 2, 0]",5.79802511870507
"[3, 14, 3, 0]",7.86852411775676
"[3, 14, 4, 0]",6.3660435954399475
"[3, 14, 5, 0]",9.358658197082994
"[3, 14, 6, 0]",8.812361651036868
"[3, 15, 1, 0]",6.911398476939495
"[3, 15, 2, 0]",4.351556159371761
"[3, 15, 4, 0]",7.101391797858236
"[3, 15, 5, 0]",7.401876018127643
"[3, 15, 6, 0]",6.066493507803894
"[3, 16, 1, 0]",5.85964287722489
"[3, 16, 2, 0]",5.139997144107218
"[3, 16, 3, 0]",5.534729478656624
"[3, 16, 4, 0]",5.066413201594595
"[3, 16, 5, 0]",6.612028493276373
"[3, 16, 6, 0]",7.033690325432787
"[3, 17, 1, 0]",5.493635105541642
"[3, 17, 2, 0]",2.718596842898055
"[3, 17, 5, 0]",7.704966106181878
"[3, 17, 6, 0]",5.380062285129931
"[3, 18, 1, 0]",5.794484504915475
"[3, 18, 2, 0]",7.294714346221284
"[3, 18, 3, 0]",4.609277381001251
"[3, 18, 4, 0]",6.95000494706798
"[3, 18, 5, 0]",7.5466148489859055
"[3, 18, 6, 0]",6.70282569720611
"[3, 19, 1, 0]",6.139996494538816
"[3, 19, 2, 0]",4.190079754224427
"[3, 19, 3, 0]",3.578805142216739
"[3, 19, 4, 0]",7.084078797757786
"[3, 19, 5, 0]",7.022949766745432
"[3, 19, 6, 0]",9.908713388394176
"[3, 22, 1, 0]",8.082128301930581
"[3, 22, 2, 0]",3.557385637138273
"[3, 22, 3, 0]",3.3247744486129487
"[3, 22, 4, 0]",7.542783219829642
"[3, 22, 5, 0]",6.80993609112604
"[3, 22, 6, 0]",9.069474297356342
"[3, 23, 1, 0]",5.648470191987243
"[3, 23, 2, 0]",5.619627472664506
"[3, 23, 3, 0]",2.643895835404013
"[3, 23, 4, 0]",4.269829250077003
"[3, 23, 5, 0]",8.12014478354984
"[3, 23, 6, 0]",6.83266306583779
"[3, 24, 1, 0]",6.224223222650345
"[3, 24, 2, 0]",3.4397979429682213
"[3, 24, 3, 0]",5.367586685464691
"[3, 24, 4, 0]",4.204449262809552
"[3, 24, 5, 0]",6.483166618680693
"[3, 24, 6, 0]",7.175888090688309
"[3, 25, 1, 0]",4.8126362564681555
"[3, 25, 2, 0]",7.528401281258087
"[3, 25, 3, 0]",3.182856540529197
"[3, 25, 4, 0]",4.681229909009991
"[3, 25, 5, 0]",8.438984590002358
"[3, 25, 6, 0]",5.950398656139965
"[4, 5, 2, 0]",6.706264764508091
"[4, 5, 3, 0]",7.244986290177485
"[4, 5, 4, 0]",5.957298499852364
"[4, 5, 6, 0]",7.006048938311952
"[4, 6, 1, 0]",7.3668303432771225
"[4, 6, 6, 0]",6.8363965680728525
"[4, 10, 1, 0]",7.409889217402998
"[4, 10, 2, 0]",7.519150893979417
"[4, 10, 5, 0]",8.091674461448214
"[4, 10, 6, 0]",6.386367486241136
"[4, 11, 1, 0]",5.861309611760134
"[4, 11, 2, 0]",4.501838380393599
"[4, 11, 3, 0]",4.783748479753099
"[4, 11, 4, 0]",6.851938248835117
"[4, 11, 5, 0]",6.461479073403521
"[4, 11, 6, 0]",6.409449835642775
"[4, 13, 1, 0]",7.736054544420014
"[4, 13, 3, 0]",4.855381821198476
"[4, 13, 4, 0]",6.04048679559079
"[4, 13, 6, 0]",7.139709598177154
"[4, 14, 1, 0]",4.8794241516082995
"[4, 14, 2, 0]",8.347355750401183
"[4, 14, 4, 0]",2.5462892469497964
"[4, 14, 5, 0]",6.902861833525175
"[4, 14, 6, 0]",7.189386285198731
"[4, 15, 1, 0]",4.999364200449432
"[4, 15, 2, 0]",7.364442381708125
"[4, 15, 3, 0]",3.3476269455743966
"[4, 15, 4, 0]",5.568265130721452
"[4, 15, 5, 0]",7.904227275075827
"[4, 15, 6, 0]",6.152605559421921
"[4, 16, 1, 0]",6.889047855233956
"[4, 16, 2, 0]",8.25515922028398
"[4, 16, 3, 0]",5.290245444302943
"[4, 16, 4, 0]",5.735065106659655
"[4, 16, 5, 0]",7.180523445755874
"[4, 16, 6, 0]",8.961159179919878
"[4, 17, 1, 0]",4.647779317511331
"[4, 17, 2, 0]",8.238504729361386
"[4, 17, 3, 0]",5.32918845311193
"[4, 17, 4, 0]",5.7398046960202045
"[4, 17, 5, 0]",8.338117130676682
"[4, 17, 6, 0]",7.385605462218075
"[4, 18, 1, 0]",5.690376910368772
"[4, 18, 2, 0]",7.368817265407907
"[4, 18, 3, 0]",8.019408818168888
"[4, 18, 4, 0]",6.131635636399464
"[4, 18, 5, 0]",6.884919925125744
"[4, 18, 6, 0]",7.4494938873564855
"[4, 19, 1, 0]",7.026508987136406
"[4, 19, 2, 0]",6.701083897359287
"[4, 19, 3, 0]",6.095003845518875
"[4, 19, 4, 0]",6.328046991191857
"[4, 19, 5, 0]",7.322217487012006
"[4, 19, 6, 0]",8.29292743160379
"[4, 22, 1, 0]",5.721299491360028
"[4, 22, 2, 0]",6.308342654951655
"[4, 22, 3, 0]",3.669514841849406
"[4, 22, 4, 0]",5.714013795562089
"[4, 22, 5, 0]",7.718922946773209
"[4, 22, 6, 0]",7.299877429216104
"[4, 24, 1, 0]",5.910350319829626
"[4, 24, 2, 0]",4.666272649948287
"[4, 24, 3, 0]",4.907681732242738
"[4, 24, 4, 0]",5.048614098665045
"[4, 24, 5, 0]",8.108308652796843
"[4, 24, 6, 0]",5.870847608744484
"[4, 25, 1, 0]",5.664423174588364
"[4, 25, 2, 0]",5.812258305830217
"[4, 25, 3, 0]",6.514325208213341
"[4, 25, 4, 0]",5.248475848314796
"[4, 25, 5, 0]",6.653223337578192
"[4, 25, 6, 0]",3.370121781289059
"[5, 1, 1, 0]",7.746181991846365
"[5, 1, 2, 0]",6.3883516432839835
"[5, 1, 3, 0]",3.8813260241929575
"[5, 1, 4, 0]",4.468605071761783
"[5, 1, 5, 0]",7.9715512921348015
"[5, 1, 6, 0]",6.186527192347478
"[5, 2, 1, 0]",4.765119516635569
"[5, 2, 2, 0]",4.373949975563706
"[5, 2, 3, 0]",8.051961629645906
"[5, 2, 4, 0]",6.150544429897076
"[5, 2, 5, 0]",7.255709420117203
"[5, 2, 6, 0]",7.659355025312049
"[5, 3, 2, 0]",6.40640947693303
"[5, 3, 3, 0]",7.189221260942205
"[5, 3, 4, 0]",7.548914486774536
"[5, 3, 5, 0]",6.96901238180618
"[5, 3, 6, 0]",4.348000206837011
"[5, 6, 1, 0]",5.662523114861838
"[5, 6, 2, 0]",6.575738856580735
"[5, 7, 1, 0]",5.911282457119534
"[5, 7, 2, 0]",6.35843233638604
"[5, 7, 3, 0]",4.768108719645138
"[5, 7, 4, 0]",7.33967024953211
"[5, 7, 5, 0]",5.043427621345261
"[5, 7, 6, 0]",4.301530369850966
"[5, 10, 1, 0]",6.914165518960257
"[5, 10, 2, 0]",6.9878966480098335
"[5, 10, 3, 0]",7.901931649313917
"[5, 10, 4, 0]",7.627263658646902
"[5, 10, 5, 0]",5.99278059382841
"[5, 10, 6, 0]",7.128785113330197
"[5, 11, 1, 0]",6.521866971957913
"[5, 11, 2, 0]",7.029575554624014
"[5, 11, 3, 0]",5.824375376468782
"[5, 11, 4, 0]",6.2449268212089635
"[5, 11, 5, 0]",7.968189536114391
"[5, 11, 6, 0]",6.476835425028835
"[5, 12, 1, 0]",5.164647263375201
"[5, 12, 2, 0]",5.559214141608521
"[5, 12, 3, 0]",4.409765148938391
"[5, 12, 4, 0]",6.002034130944228
"[5, 12, 5, 0]",6.577689317081016
"[5, 12, 6, 0]",4.136165017161982
"[5, 14, 1, 0]",5.253707314990718
"[5, 14, 2, 0]",6.7461041709770475
"[5, 14, 3, 0]",5.394828936862622
"[5, 14, 4, 0]",7.811004799860538
"[5, 14, 5, 0]",6.0341701286132565
"[5, 14, 6, 0]",6.520875437835966
"[5, 15, 1, 0]",2.816790811391324
"[5, 15, 2, 0]",7.491843606810237
"[5, 15, 3, 0]",5.499496962988532
"[5, 15, 4, 0]",6.325439223029169
"[5, 15, 5, 0]",6.001579821348408
"[5, 15, 6, 0]",5.276975868814899
"[5, 16, 1, 0]",8.037067456216638
"[5, 16, 2, 0]",5.850224644510834
"[5, 16, 3, 0]",7.248662172563215
"[5, 16, 4, 0]",6.994199477065678
"[5, 16, 5, 0]",6.663244607433819
"[5, 16, 6, 0]",5.323282488063221
"[5, 17, 1, 0]",2.6976374110564527
"[5, 17, 4, 0]",6.771259758800156
"[5, 17, 5, 0]",4.9579863607906605
"[5, 17, 6, 0]",5.028485195928134
"[5, 18, 1, 0]",4.745390450047491
"[5, 18, 2, 0]",5.579511534867624
"[5, 18, 3, 0]",5.312638716284903
"[5, 18, 4, 0]",5.87977571038285
"[5, 18, 5, 0]",6.359548565586132
"[5, 18, 6, 0]",7.248807689768561
"[5, 22, 1, 0]",8.513535369378905
"[5, 22, 2, 0]",6.66887333703011
"[5, 22, 3, 0]",5.854000085789326
"[5, 22, 4, 0]",6.298644068830223
"[5, 22, 5, 0]",5.658753033323016
"[5, 22, 6, 0]",5.786122239835869
"[5, 24, 2, 0]",7.428999143923556
"[5, 24, 3, 0]",7.575010667900997
"[5, 24, 4, 0]",7.577215995816476
"[5, 24, 5, 0]",6.3840051983781
"[5, 24, 6, 0]",6.757792309840141
"[5, 25, 1, 0]",7.380730197781718
"[5, 25, 2, 0]",6.012716184370374
"[5, 25, 5, 0]",6.466447629507948
"[5, 25, 6, 0]",5.852767610070635
"[6, 1, 1, 0]",5.282351779613207
"[6, 1, 2, 0]",7.61835992220111
"[6, 1, 3, 0]",6.075683064320797
"[6, 1, 4, 0]",7.274397778295852
"[6, 1, 5, 0]",8.070336636783207
"[6, 1, 6, 0]",7.670186240532955
"[6, 4, 1, 0]",5.87609699660068
"[6, 4, 2, 0]",6.522230022312723
"[6, 4, 3, 0]",5.890543876339659
"[6, 4, 4, 0]",8.112511554259145
"[6, 4, 5, 0]",6.415405116715714
"[6, 4, 6, 0]",5.222067923715606
"[6, 5, 1, 0]",6.231907546312293
"[6, 6, 1, 0]",7.312599386746789
"[6, 6, 2, 0]",5.514663143744464
"[6, 6, 3, 0]",5.641284651481175
"[6, 6, 4, 0]",6.193896934208686
"[6, 6, 5, 0]",7.9546166336701685
"[6, 6, 6, 0]",9.560752210755028
"[6, 7, 1, 0]",6.450568206299558
"[6, 10, 1, 0]",8.306902189129794
"[6, 10, 2, 0]",10.0
"[6, 10, 3, 0]",8.512153899018863
"[6, 10, 5, 0]",5.392541415390564
"[6, 10, 6, 0]",7.540438080589869
"[6, 11, 1, 0]",4.7996750069290695
"[6, 11, 4, 0]",2.648574918590195
"[6, 11, 5, 0]",7.766772612066138
"[6, 11, 6, 0]",4.30889177707728
"[6, 12, 1, 0]",5.537551512522785
"[6, 12, 2, 0]",4.652665874991195
"[6, 12, 3, 0]",5.386046012051462
"[6, 12, 4, 0]",5.878664668160542
"[6, 12, 5, 0]",8.48401123377721
"[6, 12, 6, 0]",6.111097891892976
"[6, 13, 1, 0]",4.937072002553111
"[6, 13, 2, 0]",6.604641576291233
"[6, 13, 4, 0]",7.167417447699971
"[6, 13, 5, 0]",8.407101479524
"[6, 13, 6, 0]",4.947095766221634
"[6, 14, 2, 0]",7.739312188855224
"[6, 14, 3, 0]",6.212131831600363
"[6, 14, 4, 0]",5.74669451597149
"[6, 14, 5, 0]",8.379721930803042
"[6, 14, 6, 0]",6.229200420478555
"[6, 15, 1, 0]",5.647676522715677
"[6, 15, 2, 0]",6.338419948749234
"[6, 15, 3, 0]",5.355372311442926
"[6, 15, 4, 0]",7.783837492076976
"[6, 15, 5, 0]",6.235333259552221
"[6, 15, 6, 0]",6.701010314049201
"[6, 16, 1, 0]",5.019494938139555
"[6, 16, 2, 0]",7.580047534995775
"[6, 16, 3, 0]",6.393396591110529
"[6, 16, 4, 0]",5.3935486908107535
"[6, 16, 6, 0]",7.060040861581984
"[6, 17, 1, 0]",6.497866892450887
"[6, 17, 2, 0]",6.740107066153716
"[6, 17, 3, 0]",4.40402031771355
"[6, 17, 4, 0]",8.448328378707789
"[6, 17, 5, 0]",5.725478827081551
"[6, 17, 6, 0]",7.425564859137866
"[6, 18, 1, 0]",6.683369656643629
"[6, 19, 1, 0]",7.908263307819484
"[6, 19, 5, 0]",7.270209721205307
"[6, 19, 6, 0]",4.836050508190716
"[6, 22, 1, 0]",4.1299981327349435
"[6, 22, 2, 0]",7.588636557810964
"[6, 22, 3, 0]",6.4266854619796305
"[6, 22, 4, 0]",6.408183998837496
"[6, 22, 5, 0]",6.818087376921924
"[6, 22, 6, 0]",3.6932952485724706
"[7, 1, 1, 0]",6.1217338145479445
"[7, 1, 2, 0]",8.363400236350678
"[7, 1, 3, 0]",6.598042087714226
"[7, 1, 4, 0]",7.393406763849808
"[7, 1, 5, 0]",6.883017322159563
"[7, 1, 6, 0]",5.532671277600193
"[7, 2, 1, 0]",9.515252752900127
"[7, 3, 1, 0]",8.838845867814197
"[7, 3, 2, 0]",7.849161581593314
"[7, 3, 3, 0]",3.346422205075346
"[7, 3, 4, 0]",3.1088088869977653
"[7, 3, 5, 0]",4.6629701651365165
"[7, 3, 6, 0]",7.690410257068648
"[7, 4, 1, 0]",3.198885941873659
"[7, 4, 2, 0]",6.184006826038956
"[7, 4, 3, 0]",6.051970366230948
"[7, 4, 4, 0]",5.679696903764545
"[7, 4, 5, 0]",9.488158174928735
"[7, 4, 6, 0]",5.87152511337405
"[7, 5, 1, 0]",5.361224561064662
"[7, 5, 2, 0]",5.491635149351655
"[7, 5, 3, 0]",5.730329208347732
"[7, 5, 4, 0]",7.368184265044732
"[7, 5, 5, 0]",5.9541023606977275
"[7, 5, 6, 0]",6.923763135525693
"[7, 6, 1, 0]",6.28464456322461
"[7, 6, 2, 0]",5.8386475813906635
"[7, 6, 3, 0]",5.648401909369146
"[7, 6, 4, 0]",5.457263758012162
"[7, 7, 1, 0]",2.8447921287126836
"[7, 7, 2, 0]",6.721560187831557
"[7, 7, 3, 0]",3.217880571952163
"[7, 7, 4, 0]",6.303402914079676
"[7, 7, 5, 0]",7.572830002651534
"[7, 7, 6, 0]",6.089843415718159
"[7, 8, 2, 0]",3.3075376806067784
"[7, 8, 4, 0]",2.7103161063756898
"[7, 8, 5, 0]",8.052815680288193
"[7, 8, 6, 0]",5.2734363017688155
"[7, 9, 1, 0]",3.1048152528264956
"[7, 9, 2, 0]",6.890334813638171
"[7, 9, 3, 0]",6.586680275619827
"[7, 9, 4, 0]",8.727270849166693
"[7, 9, 5, 0]",7.1571651898234485
"[7, 9, 6, 0]",6.02454410590787
"[7, 10, 1, 0]",3.4252956937833363
"[7, 10, 2, 0]",4.655426838052815
"[7, 10, 3, 0]",4.013289520636801
"[7, 10, 4, 0]",7.732664456532314
"[7, 10, 5, 0]",6.968039560852622
"[7, 10, 6, 0]",6.130105703131118
"[7, 11, 1, 0]",4.753561357066014
"[7, 11, 2, 0]",5.902978448715043
"[7, 12, 1, 0]",8.629762346318206
"[7, 12, 2, 0]",8.031594382408002
"[7, 12, 3, 0]",7.682140242001735
"[7, 15, 1, 0]",6.195516486634584
"[7, 15, 2, 0]",3.815304617600713
"[7, 15, 4, 0]",6.755688445573044
"[7, 15, 5, 0]",7.781195766218931
"[7, 15, 6, 0]",6.268646923088065
"[7, 16, 1, 0]",4.807522374014969
"[7, 16, 2, 0]",5.4356253570787825
"[7, 16, 3, 0]",6.9567817406995935
"[7, 16, 4, 0]",7.186423051330777
"[7, 16, 5, 0]",7.79037780764913
"[7, 16, 6, 0]",7.751037085649935
"[7, 17, 1, 0]",4.4716254704920555
"[7, 17, 2, 0]",7.237186494994134
"[7, 17, 4, 0]",6.400104542381246
"[7, 17, 5, 0]",6.399566254453177
"[7, 17, 6, 0]",5.635880516861449
"[8, 3, 1, 0]",8.21176736770689
"[8, 3, 2, 0]",7.081154871032101
"[8, 3, 3, 0]",6.052799900123186
"[8, 3, 4, 0]",5.461625456377931
"[8, 3, 5, 0]",6.460325923127208
"[8, 3, 6, 0]",6.677819732740473
"[8, 4, 1, 0]",4.628443970356498
"[8, 4, 2, 0]",5.176103724287572
"[8, 4, 3, 0]",6.092433919349615
"[8, 4, 4, 0]",5.95115843482051
"[8, 4, 5, 0]",6.312270102047015
"[8, 5, 1, 0]",6.5154959801420205
"[8, 5, 3, 0]",5.275125615911266
"[8, 5, 4, 0]",5.439513508433594
"[8, 5, 5, 0]",6.423412665152183
"[8, 5, 6, 0]",8.046932134166035
"[8, 6, 1, 0]",6.544417045488676
"[8, 6, 2, 0]",7.423961546997594
"[8, 6, 4, 0]",3.9949866473736053
"[8, 6, 5, 0]",6.936685327376505
"[8, 7, 1, 0]",5.1287492615844466
"[8, 7, 2, 0]",6.262230843843579
"[8, 7, 3, 0]",2.9547575989564496
"[8, 7, 5, 0]",6.748180432094751
"[8, 8, 1, 0]",2.267480082614047
"[8, 8, 2, 0]",5.388867654455113
"[8, 8, 3, 0]",4.295774225984669
"[8, 8, 4, 0]",5.510817794649709
"[8, 8, 5, 0]",5.694134874391041
"[8, 8, 6, 0]",6.599059935575511
"[8, 9, 1, 0]",5.595876714582353
"[8, 9, 2, 0]",8.209498659112562
"[8, 9, 3, 0]",4.950292759184484
"[8, 9, 4, 0]",6.398365325458345
"[8, 9, 5, 0]",6.2036615194452605
"[8, 9, 6, 0]",6.079274755730476
"[8, 10, 1, 0]",8.449236909099028
"[8, 10, 2, 0]",8.066352192180663
"[8, 10, 3, 0]",5.859200150880394
"[8, 10, 4, 0]",6.972118880287077
"[8, 10, 5, 0]",7.333343870698156
"[8, 10, 6, 0]",8.285011266882409
"[8, 11, 1, 0]",6.421017158156593
"[8, 11, 2, 0]",7.586971154677634
"[8, 11, 3, 0]",4.692644451185278
"[8, 11, 4, 0]",4.333929517056129
"[8, 11, 5, 0]",7.857175242861717
"[8, 11, 6, 0]",7.886782238951735
"[8, 15, 1, 0]",5.318441684218622
"[8, 15, 2, 0]",6.979795873306643
"[8, 15, 3, 0]",3.851887247542761
"[8, 15, 4, 0]",5.599448201022805
"[8, 15, 5, 0]",3.3447737083133533
"[8, 15, 6, 0]",5.086279009884751
"[8, 16, 1, 0]",5.5068656561661875
"[8, 16, 2, 0]",5.475936099496403
"[8, 16, 3, 0]",5.412736721619266
"[8, 16, 4, 0]",5.328150347405764
"[8, 16, 5, 0]",6.528965131051846
"[8, 16, 6, 0]",9.579473101718229
"[8, 17, 1, 0]",7.299868899011873
"[8, 17, 2, 0]",5.416877011523855
"[8, 17, 3, 0]",7.503172459425737
"[8, 17, 4, 0]",5.581438869693443
"[8, 17, 5, 0]",5.686493951140647
"[8, 17, 6, 0]",7.080334704174467
"[8, 18, 1, 0]",3.3563527240396054
"[8, 18, 2, 0]",6.04012830470841
"[8, 18, 3, 0]",8.17489731824178
"[8, 18, 4, 0]",6.606300540314958
"[8, 18, 5, 0]",4.575752176764612
"[8, 18, 6, 0]",4.26531484944644
"[9, 3, 1, 0]",6.020026165397702
"[9, 3, 2, 0]",5.382944225615375
"[9, 3, 3, 0]",5.951890508597716
"[9, 3, 4, 0]",6.844489861107559
"[9, 3, 5, 0]",6.940300256611663
"[9, 3, 6, 0]",5.204285463842261
"[9, 4, 1, 0]",5.553661862938921
"[9, 4, 2, 0]",5.3593366155994655
"[9, 4, 3, 0]",5.80430466178753
"[9, 4, 4, 0]",7.621399287401514
"[9, 4, 5, 0]",6.973695081573135
"[9, 4, 6, 0]",3.3185143571815385
"[9, 5, 1, 0]",7.000438413168073
"[9, 5, 2, 0]",7.544098576766967
"[9, 5, 3, 0]",5.913127048390684
"[9, 5, 4, 0]",7.636302093965343
"[9, 5, 5, 0]",7.205850792843929
"[9, 5, 6, 0]",6.6273503947302626
"[9, 6, 1, 0]",5.938614371760145
"[9, 6, 2, 0]",5.9335997480800176
"[9, 6, 3, 0]",5.202941624783357
"[9, 6, 4, 0]",6.5097033021315855
"[9, 6, 5, 0]",6.750566669357401
"[9, 6, 6, 0]",7.2325664013540205
"[9, 7, 2, 0]",6.99246342110142
"[9, 7, 4, 0]",4.595969916435044
"[9, 7, 5, 0]",6.8087446655382
"[9, 7, 6, 0]",6.630301460146874
"[9, 8, 1, 0]",4.159553335297788
"[9, 8, 2, 0]",6.35237644248949
"[9, 8, 3, 0]",3.7938330567037037
"[9, 8, 4, 0]",2.5400859278603387
"[9, 8, 5, 0]",6.243275971534685
"[9, 8, 6, 0]",6.2019107480088635
"[9, 9, 1, 0]",5.885766334812369
"[9, 9, 2, 0]",4.370491888564944
"[9, 9, 3, 0]",7.587291742074792
"[9, 9, 4, 0]",7.145796994625213
"[9, 9, 5, 0]",8.599198419694577
"[9, 9, 6, 0]",7.373763030054162
"[9, 10, 1, 0]",6.381290276306066
"[9, 10, 2, 0]",5.454918530337842
"[9, 10, 3, 0]",7.286222561072161
"[9, 10, 4, 0]",7.44343386483833
"[9, 10, 5, 0]",6.840417515835346
"[9, 10, 6, 0]",7.705624862219512
"[9, 11, 1, 0]",6.1708723500552445
"[9, 11, 2, 0]",5.6220520263945915
"[9, 11, 3, 0]",5.644318539058285
"[9, 11, 4, 0]",7.357132813663613
"[9, 11, 5, 0]",4.346170268814136
"[9, 11, 6, 0]",5.339332639648543
"[9, 14, 1, 0]",6.520326035109266
"[9, 14, 2, 0]",7.515244680704435
"[9, 14, 3, 0]",5.7157534638254255
"[9, 14, 4, 0]",6.784571651403111
"[9, 14, 5, 0]",5.78089611779549
"[9, 14, 6, 0]",6.083079942832254
"[9, 15, 1, 0]",5.280257508629158
"[9, 15, 2, 0]",5.302884723713509
"[9, 15, 3, 0]",4.0528251796389325
"[9, 15, 4, 0]",4.883486066005211
"[9, 15, 5, 0]",6.566182560002708
"[9, 15, 6, 0]",7.2763302601536495
"[9, 18, 1, 0]",5.463852717547026
"[10, 4, 1, 0]",1.7554550148357468
"[10, 4, 2, 0]",7.915653371437151
"[10, 4, 4, 0]",7.616725158384114
"[10, 4, 6, 0]",6.965175152029901
"[10, 5, 1, 0]",5.633331582778023
"[10, 5, 2, 0]",5.877949191951439
"[10, 5, 4, 0]",7.250364547568456
"[10, 5, 5, 0]",7.302832366617241
"[10, 5, 6, 0]",5.946073976352384
"[10, 6, 1, 0]",7.33259586415287
"[10, 6, 2, 0]",3.8736273801634917
"[10, 6, 4, 0]",7.317938768880694
"[10, 6, 5, 0]",7.740969367080002
"[10, 6, 6, 0]",6.374434172158946
"[10, 7, 1, 0]",5.120975381159405
"[10, 7, 2, 0]",8.10769899675056
"[10, 7, 3, 0]",6.675015684053706
"[10, 7, 4, 0]",4.1088516863912465
"[10, 7, 5, 0]",7.245115930605025
"[10, 7, 6, 0]",7.680379442184197
"[10, 8, 1, 0]",4.337969804271914
"[10, 8, 2, 0]",4.804170340137035
"[10, 8, 5, 0]",5.08911681765113
"[10, 8, 6, 0]",4.854560624305366
"[10, 9, 1, 0]",5.941582023528914
"[10, 9, 2, 0]",6.7402189285709575
"[10, 9, 3, 0]",5.932492005879022
"[10, 9, 4, 0]",8.234644674007157
"[10, 9, 5, 0]",7.68795465823581
"[10, 9, 6, 0]",6.632437876806182
"[10, 10, 1, 0]",5.653908102964297
"[10, 10, 2, 0]",6.883150804238528
"[10, 10, 4, 0]",5.896580897862535
"[10, 10, 5, 0]",6.996039999655677
"[10, 10, 6, 0]",4.978859884124628
"[10, 11, 3, 0]",5.425849947895518
"[10, 11, 5, 0]",7.129992793847768
"[10, 11, 6, 0]",7.252527547358251
"[10, 12, 1, 0]",6.224595405345942
"[10, 14, 1, 0]",6.656214451485829
"[10, 14, 2, 0]",4.871496452537408
"[10, 14, 3, 0]",6.952231415141156
"[10, 14, 4, 0]",7.255550338774908
"[10, 14, 5, 0]",7.4343011973571285
"[10, 14, 6, 0]",8.047813096999263
"[10, 15, 1, 0]",4.79622310195065
"[10, 15, 2, 0]",8.994560389104002
"[10, 15, 3, 0]",6.1113024932818325
"[10, 15, 4, 0]",7.112219510127633
"[10, 15, 5, 0]",7.0889218477868665
"[10, 15, 6, 0]",5.689604977050435
"[10, 16, 1, 0]",5.035555058532054
"[10, 16, 2, 0]",9.712489633736078
"[10, 16, 3, 0]",7.7114702813342415
"[10, 16, 4, 0]",5.864873863378737
"[10, 16, 5, 0]",7.103612839025559
"[10, 16, 6, 0]",7.439593813713268
"[10, 17, 1, 0]",4.955597084468527
"[10, 17, 2, 0]",6.767407567849775
"[10, 17, 3, 0]",4.994483175714436
"[10, 17, 4, 0]",6.738474084784567
"[10, 17, 5, 0]",5.081893787223715
"[10, 17, 6, 0]",4.751865329222728
"[10, 18, 1, 0]",6.175027257933569
"[10, 18, 2, 0]",8.172467313959306
"[11, 4, 1, 0]",3.651109076026256
"[11, 4, 2, 0]",6.1372100083066305
"[11, 4, 5, 0]",6.281832265376898
"[11, 4, 6, 0]",4.366682064947137
"[11, 6, 1, 0]",5.548565237475102
"[11, 6, 2, 0]",7.516497189829142
"[11, 6, 3, 0]",4.356575147543439
"[11, 6, 5, 0]",7.539364001575114
"[11, 6, 6, 0]",5.627593035095689
"[11, 10, 1, 0]",6.474010821828109
"[11, 10, 3, 0]",8.416262246911282
"[11, 10, 4, 0]",7.544455933825152
"[11, 10, 5, 0]",7.667785341348189
"[11, 10, 6, 0]",5.680478204065524
"[11, 11, 3, 0]",4.773512311030002
"[11, 11, 4, 0]",4.95332166097625
"[11, 11, 5, 0]",7.517657974172522
"[11, 11, 6, 0]",6.632339213069408
"[11, 12, 1, 0]",5.348059164485816
"[11, 12, 2, 0]",8.370568263537235
"[11, 12, 3, 0]",4.411533764211994
"[11, 12, 4, 0]",5.129894045935731
"[11, 12, 5, 0]",4.06751342207613
"[11, 12, 6, 0]",8.920780231524738
"[11, 13, 2, 0]",5.416489037908237
"[11, 13, 5, 0]",5.651791605040819
"[11, 13, 6, 0]",6.580922381609927
"[11, 14, 1, 0]",5.697344144464721
"[11, 14, 2, 0]",5.948010707933026
"[11, 14, 4, 0]",6.016875905613828
"[11, 14, 5, 0]",4.601106363120337
"[11, 14, 6, 0]",6.706452174505459
"[11, 15, 1, 0]",5.814548615283694
"[11, 15, 2, 0]",6.460126453896712
"[11, 15, 3, 0]",5.622332150610022
"[11, 15, 6, 0]",7.8858550976759165
"[11, 16, 1, 0]",8.015254812640508
"[11, 16, 2, 0]",5.973249617292269
"[11, 16, 3, 0]",4.07957809138965
"[11, 16, 4, 0]",3.402437716631316
"[11, 16, 5, 0]",5.829610635962084
"[11, 17, 1, 0]",6.51361040336115
"[11, 17, 2, 0]",6.329193955169416
"[11, 17, 3, 0]",6.812589157298169
"[11, 17, 4, 0]",6.278062762429081
"[11, 17, 5, 0]",5.142689964076074
"[11, 17, 6, 0]",5.2744834908010185
"[11, 18, 1, 0]",6.939152566692793
"[11, 18, 2, 0]",4.644317709676387
"[11, 18, 3, 0]",3.760575035613438
"[11, 18, 4, 0]",7.223870990743732
"[11, 18, 5, 0]",6.200760062935366
"[11, 18, 6, 0]",6.841727956612937
"[11, 19, 1, 0]",6.070751157717198
"[11, 19, 2, 0]",4.504056765768051
"[11, 19, 3, 0]",5.043684764379637
"[11, 19, 4, 0]",6.965147122666302
"[11, 19, 5, 0]",4.1624212449067715
"[11, 22, 1, 0]",4.624221862678248
"[11, 22, 2, 0]",5.631436478103737
"[11, 22, 3, 0]",4.326347293613845
"[11, 22, 5, 0]",5.80641288909722
"[11, 22, 6, 0]",5.3342457006326995
"[11, 24, 1, 0]",4.723682658865384
"[11, 24, 4, 0]",7.198377071652047
"[11, 24, 5, 0]",6.8184515446258285
"[11, 24, 6, 0]",5.15175313007923
"[11, 25, 1, 0]",3.922930373333728
"[11, 25, 2, 0]",8.597657228104014
"[11, 25, 3, 0]",5.533739393479191
"[11, 25, 4, 0]",6.082723320513202
"[11, 25, 5, 0]",4.7547841746367
"[11, 25, 6, 0]",5.236565861980818
"[12, 1, 6, 0]",8.166336911987365
"[12, 4, 1, 0]",7.377264326003874
"[12, 4, 5, 0]",7.093523034075542
"[12, 4, 6, 0]",8.454890380022663
"[12, 5, 3, 0]",5.3817304028819475
"[12, 5, 4, 0]",4.131609840014195
"[12, 5, 5, 0]",2.8038593802526717
"[12, 6, 3, 0]",5.02539306467138
"[12, 6, 4, 0]",6.788643849348379
"[12, 6, 5, 0]",6.897388848535018
"[12, 7, 1, 0]",6.852475137493048
"[12, 7, 2, 0]",7.855896633688851
"[12, 7, 3, 0]",5.552365295882915
"[12, 7, 4, 0]",7.174480214794877
"[12, 7, 5, 0]",6.980758713576524
"[12, 7, 6, 0]",4.765536179031765
"[12, 8, 1, 0]",7.350429301124005
"[12, 10, 1, 0]",4.668188186604305
"[12, 10, 2, 0]",5.921566924450151
"[12, 10, 3, 0]",5.144005064557416
"[12, 10, 4, 0]",5.323964175347642
"[12, 10, 6, 0]",7.877417443900851
"[12, 11, 1, 0]",6.690939702381055
"[12, 11, 2, 0]",5.852688993956129
"[12, 11, 3, 0]",5.710221242324222
"[12, 11, 4, 0]",5.317319493829693
"[12, 11, 5, 0]",5.594743439464528
"[12, 11, 6, 0]",7.213450703271343
"[12, 12, 2, 0]",2.8948556869910114
"[12, 12, 3, 0]",6.867057021091317
"[12, 12, 4, 0]",6.139830993087772
"[12, 12, 5, 0]",7.447679587604777
"[12, 12, 6, 0]",4.478572866371463
"[12, 13, 1, 0]",4.502407082173398
"[12, 13, 2, 0]",7.086528125792773
"[12, 13, 3, 0]",6.722325052691729
"[12, 13, 4, 0]",7.57289921510921
"[12, 13, 5, 0]",4.5989398557863925
"[12, 13, 6, 0]",7.814083134113466
"[12, 14, 1, 0]",8.800698182234921
"[12, 14, 3, 0]",7.15421311416139
"[12, 14, 4, 0]",5.673706584968534
"[12, 14, 5, 0]",5.498228766716635
"[12, 14, 6, 0]",6.567683458168619
"[12, 15, 1, 0]",4.940857420560932
"[12, 15, 2, 0]",4.56393505650812
"[12, 15, 3, 0]",7.153969763579919
"[12, 15, 4, 0]",5.372536430841728
"[12, 15, 5, 0]",7.00771353130123
"[12, 15, 6, 0]",4.886702025884338
"[12, 16, 1, 0]",6.183585462482465
"[12, 16, 2, 0]",6.649945916605807
"[12, 16, 4, 0]",5.644581157415015
"[12, 16, 5, 0]",6.677766687564624
"[12, 16, 6, 0]",5.653626851964778
"[12, 17, 1, 0]",4.139798155439565
"[12, 17, 2, 0]",2.9064339830347286
"[12, 17, 3, 0]",5.320765140629785
"[12, 17, 4, 0]",5.407437491296382
"[12, 17, 5, 0]",4.848924757291623
"[12, 17, 6, 0]",7.051552834350677
"[12, 18, 3, 0]",2.3808898625835004
"[12, 18, 4, 0]",8.595702684917693
"[12, 18, 5, 0]",7.541188515852535
"[12, 18, 6, 0]",5.429483207785197
"[12, 19, 1, 0]",4.200904832137296
"[12, 19, 2, 0]",6.900788962702751
"[12, 22, 1, 0]",7.999816321667799
"[12, 22, 2, 0]",2.7922782914647426
"[12, 22, 3, 0]",4.624458809638575
"[12, 22, 4, 0]",3.6398850537070353
"[12, 22, 5, 0]",4.468120276879082
"[12, 22, 6, 0]",7.348103169216832
"[12, 23, 3, 0]",4.1003747913962
"[12, 23, 4, 0]",3.8133794336163023
"[12, 24, 1, 0]",7.680940832754138
"[12, 24, 2, 0]",6.751894876523652
"[12, 24, 6, 0]",7.254958262268463
"[12, 25, 2, 0]",3.084501283363042
"[12, 25, 3, 0]",4.608473077027553
"[12, 25, 5, 0]",7.467697668702604
"[12, 25, 6, 0]",5.901641510478094
"[1, 2, 1, 1]",5.672332025025556
"[1, 2, 2, 1]",2.447492715625228
"[1, 4, 1, 1]",4.577916862935166
"[1, 4, 2, 1]",6.493815394884978
"[1, 5, 1, 1]",3.699925142450404
"[1, 5, 2, 1]",3.514108393602568
"[1, 6, 1, 1]",6.362328240821174
"[1, 6, 2, 1]",1.4718401278167348
"[1, 7, 1, 1]",2.792350148110893
"[1, 7, 2, 1]",3.079517578367688
"[1, 11, 1, 1]",4.999552846424854
"[1, 11, 2, 1]",5.993703800799222
"[1, 12, 1, 1]",2.2625710094636022
"[1, 12, 2, 1]",6.300986345360532
"[1, 13, 1, 1]",3.0918515667010467
"[1, 13, 2, 1]",7.2084434005492435
"[1, 14, 1, 1]",3.9374194718586852
"[1, 14, 2, 1]",3.833851356532008
"[1, 15, 1, 1]",7.091909542815403
"[1, 15, 2, 1]",5.857242221484206
"[1, 16, 1, 1]",4.642985180727324
"[1, 16, 2, 1]",4.280053545447148
"[1, 17, 1, 1]",4.131761154761463
"[1, 17, 2, 1]",4.3915769780434335
"[1, 18, 1, 1]",4.105406962456304
"[1, 18, 2, 1]",4.86987323050094
"[1, 22, 1, 1]",5.258067880837906
"[1, 22, 2, 1]",5.045465122468922
"[1, 23, 1, 1]",3.22072162790837
"[1, 23, 2, 1]",4.8921386822141075
"[1, 24, 1, 1]",4.800302838456247
"[1, 24, 2, 1]",5.51055990359009
"[1, 25, 1, 1]",7.13891128829382
"[1, 25, 2, 1]",6.283386232541831
"[1, 27, 1, 1]",7.124560939005652
"[1, 27, 2, 1]",5.804569404867533
"[2, 2, 2, 1]",6.3020822386691355
"[2, 4, 1, 1]",4.153757165270155
"[2, 4, 2, 1]",6.303934513829294
"[2, 5, 1, 1]",3.65605300257719
"[2, 5, 2, 1]",4.783373388216585
"[2, 6, 1, 1]",4.062489356847861
"[2, 6, 2, 1]",5.047118964622122
"[2, 7, 1, 1]",4.161863694725756
"[2, 7, 2, 1]",5.6786010090144
"[2, 11, 1, 1]",3.7769846497740396
"[2, 11, 2, 1]",3.2014306978629636
"[2, 12, 1, 1]",3.2549308971123647
"[2, 12, 2, 1]",4.7910774212178335
"[2, 13, 1, 1]",3.3143058191787196
"[2, 13, 2, 1]",4.822600312099218
"[2, 14, 1, 1]",5.040723908893919
"[2, 14, 2, 1]",2.786216516698341
"[2, 15, 1, 1]",4.774381874599182
"[2, 15, 2, 1]",5.8618503286567805
"[2, 16, 1, 1]",1.8678017180488569
"[2, 16, 2, 1]",7.0110030309085385
"[2, 17, 1, 1]",3.139776430993374
"[2, 17, 2, 1]",6.8710625706484265
"[2, 18, 1, 1]",3.958190030813107
"[2, 18, 2, 1]",7.840650122568706
"[2, 22, 1, 1]",2.9525679305856745
"[2, 22, 2, 1]",5.142445594951881
"[2, 23, 1, 1]",1.2595648558482855
"[2, 23, 2, 1]",2.867617793250829
"[2, 24, 1, 1]",4.207273785643489
"[2, 24, 2, 1]",1.7922468104651614
"[2, 25, 1, 1]",4.150606232046274
"[2, 25, 2, 1]",5.611905696496429
"[2, 27, 1, 1]",3.810765717609732
"[2, 27, 2, 1]",5.65980828038181
"[3, 2, 1, 1]",2.8971069688573134
"[3, 2, 2, 1]",5.341290414904998
"[3, 4, 1, 1]",1.9684428533737095
"[3, 4, 2, 1]",4.5788678629716015
"[3, 5, 2, 1]",3.6863473021062094
"[3, 6, 1, 1]",3.8565194688236373
"[3, 6, 2, 1]",3.9171274301390064
"[3, 7, 2, 1]",6.324781301181856
"[3, 12, 1, 1]",5.408164046343384
"[3, 12, 2, 1]",3.998061538246087
"[3, 13, 2, 1]",7.725442012996195
"[3, 15, 1, 1]",4.550425759014899
"[3, 15, 2, 1]",5.995236795418084
"[3, 16, 1, 1]",3.9000264118546006
"[3, 16, 2, 1]",2.155146003126752
"[3, 17, 1, 1]",5.249610098913143
"[3, 17, 2, 1]",4.1250909042352255
"[3, 23, 1, 1]",6.547305154133557
"[3, 23, 2, 1]",2.5068266342722905
"[3, 24, 1, 1]",5.567527187945139
"[3, 24, 2, 1]",3.6355551633138865
"[3, 25, 1, 1]",4.0331790514662185
"[3, 25, 2, 1]",4.056778342030393
"[3, 26, 1, 1]",4.178205071563833
"[3, 26, 2, 1]",4.469119167378592
"[4, 2, 1, 1]",4.432540146402507
"[4, 2, 2, 1]",6.0178162985366335
"[4, 4, 1, 1]",2.679122485386744
"[4, 4, 2, 1]",5.169340193736512
"[4, 5, 1, 1]",4.986323220252809
"[4, 5, 2, 1]",3.584945837080897
"[4, 6, 1, 1]",2.507296383793075
"[4, 6, 2, 1]",4.825665996078714
"[4, 7, 1, 1]",5.188671129550045
"[4, 7, 2, 1]",5.009601134838146
"[4, 12, 1, 1]",7.499769811393678
"[4, 12, 2, 1]",1.8867836821401307
"[5, 2, 1, 1]",5.288545341223145
"[5, 2, 2, 1]",5.957635766546705
"[5, 4, 1, 1]",4.865190106779665
"[5, 4, 2, 1]",5.827355469383912
"[5, 5, 1, 1]",5.1283488059989235
"[5, 5, 2, 1]",2.333364061998164
"[5, 6, 1, 1]",5.943142990109443
"[5, 6, 2, 1]",5.320220664049829
"[5, 7, 1, 1]",3.965983665186626
"[5, 7, 2, 1]",2.580627869894727
"[5, 11, 1, 1]",4.090612592127107
"[5, 11, 2, 1]",3.400132742819904
"[5, 12, 1, 1]",7.667981207570613
"[5, 12, 2, 1]",4.22647344753161
"[5, 13, 1, 1]",2.615942293813389
"[5, 13, 2, 1]",5.501097394834979
"[5, 14, 1, 1]",3.8561469253896252
"[5, 14, 2, 1]",2.5317453616259957
"[5, 15, 1, 1]",4.778329584091465
"[5, 15, 2, 1]",5.5063057733404355
"[5, 16, 1, 1]",4.516191308449282
"[5, 16, 2, 1]",4.278344195041644
"[5, 17, 1, 1]",4.025290144966467
"[5, 17, 2, 1]",5.122329306874497
"[5, 18, 1, 1]",2.434590566898628
"[5, 22, 1, 1]",3.6594412990333414
"[5, 22, 2, 1]",5.4859505284143
"[5, 23, 1, 1]",1.9157377234397508
"[5, 23, 2, 1]",5.5636745586617975
"[5, 24, 1, 1]",2.8858142303588914
"[5, 24, 2, 1]",6.352371413565149
"[5, 25, 1, 1]",4.323976301903322
"[5, 25, 2, 1]",8.011198051266241
"[6, 2, 1, 1]",6.3353066140707
"[6, 4, 1, 1]",4.2088627231250255
"[6, 4, 2, 1]",5.851589083921651
"[6, 6, 1, 1]",4.755906700915075
"[6, 11, 1, 1]",3.4814708442691544
"[6, 11, 2, 1]",6.054853327110147
"[6, 12, 1, 1]",4.6939930641606775
"[6, 12, 2, 1]",5.157173682470269
"[6, 13, 1, 1]",4.910036840489417
"[6, 13, 2, 1]",5.350408186922086
"[6, 14, 1, 1]",3.9954323022513716
"[6, 14, 2, 1]",3.3314267654732523
"[6, 15, 1, 1]",4.257318786815231
"[6, 15, 2, 1]",6.527166325628663
"[6, 16, 1, 1]",2.890541189369647
"[6, 16, 2, 1]",3.8431294467269552
"[6, 17, 1, 1]",4.947511809433957
"[6, 17, 2, 1]",5.707815752361536
"[6, 18, 1, 1]",3.3901431973687512
"[6, 23, 1, 1]",3.1850779604833597
"[6, 23, 2, 1]",4.315685151004501
"[6, 24, 1, 1]",2.9515428895038287
"[6, 24, 2, 1]",5.959918285386676
"[6, 25, 1, 1]",7.512185130107147
"[6, 25, 2, 1]",5.729322238474971
"[6, 26, 1, 1]",4.765772551871205
"[6, 26, 2, 1]",5.092007797949577
"[7, 4, 1, 1]",6.745473986249042
"[7, 4, 2, 1]",7.244969534808358
"[7, 5, 1, 1]",4.796937105316753
"[7, 7, 2, 1]",6.49194886776967
"[7, 8, 1, 1]",4.161684779560172
"[7, 8, 2, 1]",1.9223662434341995
"[7, 9, 1, 1]",0.9224852254340894
"[7, 9, 2, 1]",4.2773408271877384
"[7, 10, 1, 1]",2.695171269012814
"[7, 10, 2, 1]",4.724881847010902
"[7, 14, 1, 1]",3.4435042230757373
"[7, 14, 2, 1]",5.02995012101736
"[7, 15, 1, 1]",2.48417972379056
"[7, 15, 2, 1]",5.577587698765067
"[7, 16, 1, 1]",2.7756931434152055
"[7, 16, 2, 1]",4.401450615799985
"[8, 3, 1, 1]",9.336580654181637
"[8, 3, 2, 1]",3.5718037982510573
"[8, 5, 1, 1]",8.067011515778402
"[8, 5, 2, 1]",5.480048228827451
"[8, 6, 1, 1]",7.211835230060784
"[8, 7, 1, 1]",1.612359841952573
"[8, 7, 2, 1]",2.658632249220938
"[8, 8, 1, 1]",1.8187196692530745
"[8, 8, 2, 1]",3.556109865387509
"[8, 9, 1, 1]",3.3954165500850397
"[8, 9, 2, 1]",5.202704316322818
"[8, 10, 1, 1]",3.7871199163481055
"[8, 10, 2, 1]",4.219026724921417
"[8, 15, 1, 1]",4.060741028802168
"[8, 15, 2, 1]",2.861373539156471
"[8, 16, 1, 1]",3.5726067309601577
"[8, 16, 2, 1]",2.0975235719977583
"[8, 17, 1, 1]",2.8863983803069737
"[8, 17, 2, 1]",2.701617330049486
"[8, 18, 1, 1]",2.102230875549193
"[8, 18, 2, 1]",3.1689660973230445
"[9, 3, 2, 1]",5.711827060367236
"[9, 4, 1, 1]",3.7123825537189936
"[9, 6, 1, 1]",8.443745940040653
"[9, 6, 2, 1]",6.479884418822859
"[9, 7, 1, 1]",4.831879829760383
"[9, 7, 2, 1]",6.582649150025781
"[9, 9, 1, 1]",3.151505452752171
"[9, 9, 2, 1]",7.787796563506799
"[9, 10, 1, 1]",3.4084440199058355
"[9, 10, 2, 1]",4.108552798477719
"[9, 14, 1, 1]",3.6210339475148947
"[9, 14, 2, 1]",4.8394397262532305
"[9, 15, 1, 1]",4.6144740946742235
"[9, 15, 2, 1]",5.185355734171289
"[9, 16, 1, 1]",3.5151864668600474
"[9, 16, 2, 1]",4.849249054695538
"[9, 17, 1, 1]",4.363763563891492
"[9, 19, 1, 1]",6.6303961613778695
"[10, 3, 1, 1]",5.363849075572337
"[10, 4, 2, 1]",4.514286456561732
"[10, 5, 1, 1]",4.38270793725979
"[10, 6, 1, 1]",3.726421288452655
"[10, 6, 2, 1]",5.091013506250106
"[10, 7, 1, 1]",3.6171118273181655
"[10, 7, 2, 1]",2.937283881094839
"[10, 9, 1, 1]",5.541397072657227
"[10, 9, 2, 1]",7.1993310703985
"[10, 10, 2, 1]",7.893506945196627
"[10, 19, 1, 1]",6.087168215067908
"[10, 19, 2, 1]",5.092943857717165
"[11, 2, 1, 1]",6.997266892560276
"[11, 2, 2, 1]",5.36327244651371
"[11, 4, 1, 1]",4.3473829415854395
"[11, 4, 2, 1]",6.577723959718956
"[11, 6, 1, 1]",5.391500596525583
"[11, 6, 2, 1]",4.163512950831322
"[11, 11, 1, 1]",4.30109093796243
"[11, 11, 2, 1]",5.627175644918449
"[11, 12, 1, 1]",4.463559538009733
"[11, 12, 2, 1]",4.073459752281549
"[11, 13, 1, 1]",6.428347237888557
"[11, 13, 2, 1]",7.970665687287852
"[11, 14, 1, 1]",2.3496908743289704
"[11, 14, 2, 1]",7.84527554147423
"[11, 15, 1, 1]",1.9402131710535637
"[11, 15, 2, 1]",4.270548534202767
"[11, 16, 1, 1]",4.345136828703712
"[11, 16, 2, 1]",4.558575114063596
"[11, 17, 2, 1]",4.017521531384871
"[11, 18, 1, 1]",4.521896971441374
"[11, 18, 2, 1]",7.347420944500555
"[11, 24, 1, 1]",4.22853960760362
"[11, 27, 1, 1]",4.1708030174040305
"[11, 27, 2, 1]",8.02252309789271
"[12, 2, 1, 1]",4.877077121479413
"[12, 4, 1, 1]",1.388562077577289
"[12, 5, 2, 1]",4.8863589846542315
"[12, 6, 1, 1]",2.3827365980627824
"[12, 6, 2, 1]",2.447313890738786
"[12, 7, 1, 1]",6.415768369090303
"[12, 7, 2, 1]",4.12266548869763
"[12, 12, 1, 1]",4.7197212941793145
"[12, 12, 2, 1]",5.824225470979147
"[12, 13, 2, 1]",4.920420681780716
"[12, 14, 1, 1]",3.3014112138854355
"[12, 14, 2, 1]",4.721464203808824
"[12, 15, 1, 1]",4.493553052414471
"[12, 16, 1, 1]",6.610333022333248
"[12, 16, 2, 1]",7.270656593094474
"[12, 17, 2, 1]",6.1305965334344314
"[12, 18, 1, 1]",3.8829208552264283
"[12, 18, 2, 1]",6.226397133979393
"[12, 19, 1, 1]",0.0
"[12, 23, 2, 1]",2.7335605763256243
"[12, 24, 1, 1]",3.6894990902247833
"[12, 24, 2, 1]",3.2334389200860048
"[12, 25, 1, 1]",4.950596831248653
"[12, 25, 2, 1]",4.7996518062979465
"[12, 26, 1, 1]",3.3810195558516245
"[12, 26, 2, 1]",5.479918239696934
"[12, 29, 1, 1]",6.1630524453882085
"[12, 29, 2, 1]",4.469761025846457
